"id","name","province_id","county_id","sector_id","code","short_code"
"1","آب بر","14","288","785","1908022262","2262"
"2","آب پخش","7","185","1","1803062308","2308"
"3","آباد","7","124","674","1802022816","2816"
"4","آبادان","13","1","757","0601021270","1270"
"8","آباده","17","2","821","0701041296","1296"
"9","آباده طشک","17","66","822","0735012199","2199"
"10","آبدان","7","197","2","1805032484","2484"
"11","آبدانان","6","3","627","1606021501","1501"
"12","آبژدان","13","45","3","0621012799","2799"
"13","آبسرد","8","191","687","2302022269","2269"
"14","آبش احمد","1","343","4","0315032545","2545"
"15","آبعلی","8","191","298","2302032629","2629"
"16","آبگرم","18","15","5","2606022517","2517"
"17","آبی بیگلو","3","425","1087","2408012493","2493"
"18","آبیز","10","232","380","2909032898","2898"
"19","آبیک","18","4","854","2604021535","1535"
"20","آجین","30","29","134","1306022758","2758"
"21","آذرشهر","1","5","222","0321031201","1201"
"22","آرادان","15","6","787","2006011549","1549"
"23","آراللو","3","20","1095","2401042949","2949"
"24","آران وبیدگل","4","7","597","1018021423","1423"
"25","آرمرده","20","62","6","1201012457","2457"
"26","آرین شهر","10","318","334","2904052645","2645"
"27","آزادشهر","24","8","915","2710021182","1182"
"28","آزادی","13","46","754","0602022801","2801"
"29","آسارا","5","336","7","3001032070","2070"
"30","آستارا","25","9","930","0101011117","1117"
"31","آستانه","28","269","985","007011112","1112"
"32","آستانه اشرفیه","25","10","931","0102021119","1119"
"33","آسمان آباد","6","146","629","1604022617","2617"
"34","آشار","16","408","10","1113022893","2893"
"35","آشتیان","28","11","978","002011103","1103"
"36","آشخانه","12","384","751","2806031352","1352"
"37","آغاجاری","13","12","758","0626011278","1278"
"38","آق قلا","24","13","916","2708021180","1180"
"39","آقکند","1","413","471","0310022401","2401"
"40","آلاشت","27","260","964","0208021170","1170"
"41","آلونی","9","153","699","1410012473","2473"
"42","آمل","27","14","955","0201021149","1149"
"43","آوا","12","384","357","2806012848","2848"
"44","آواجیق","2","141","260","0414012549","2549"
"45","آوج","18","15","855","2606011536","1536"
"46","آوه","28","236","984","006032827","2827"
"47","آیسک","10","241","13","2906012346","2346"
"48","ابرکوه","31","16","1012","2107021293","1293"
"49","ابریشم","4","310","611","1008022252","2252"
"50","ابوحمیظه","13","184","766","0609022796","2796"
"51","ابوزیدآباد","4","7","518","1018012279","2279"
"52","ابوموسی","29","17","989","2201021563","1563"
"53","ابهر","14","18","779","1901031528","1528"
"54","اچاچی","1","413","651","0310042842","2842"
"55","احمد آباد مستوفی","8","33","15","2310032770","2770"
"56","احمدآباد","31","22","1013","2101022265","2265"
"57","احمدابادصولت","11","116","103","0906042067","2067"
"58","احمدسرگوراب","25","274","17","0112012387","2387"
"59","اختیارآباد","21","338","887","0808052428","2428"
"60","ادیمی","16","434","814","1115012353","2353"
"61","اراک","28","19","977","001021101","1101"
"67","اربطان","1","439","245","0316012935","2935"
"68","ارجمند","8","315","19","2314012634","2634"
"69","ارد","17","361","20","0727022903","2903"
"70","ارداق","18","91","259","2601062577","2577"
"71","اردبیل","3","20","584","2401011195","1195"
"77","اردستان","4","21","595","1001011395","1395"
"78","اردکان","17","238","835","0706021304","1304"
"79","اردکان","31","22","1013","2101021551","1551"
"80","اردل","9","23","696","1405011476","1476"
"81","اردیموسی","3","249","332","2410022881","2881"
"82","ارزوییه","21","24","870","0823012315","2315"
"83","ارسک","10","76","23","2908022726","2726"
"84","ارسنجان","17","25","817","0717011321","1321"
"85","ارطه","27","317","969","0210022747","2747"
"86","ارکواز","6","400","633","1608011508","1508"
"87","ارمغانخانه","14","230","451","1904062038","2038"
"88","ارومیه","2","26","656","0401041235","1235"
"94","اروندکنار","13","1","27","0601011269","1269"
"95","ازگله","22","128","28","0512022593","2593"
"96","ازنا","26","27","945","1507021488","1488"
"97","ازندریان","30","398","183","1302012253","2253"
"98","اژیه","4","37","168","1002062248","2248"
"99","اسالم","25","291","29","0104052382","2382"
"100","اسپکه","16","433","560","1107042506","2506"
"101","استهبان","17","28","818","0702021298","1298"
"102","اسدآباد","30","29","1002","1306011469","1469"
"103","اسدیه","10","181","709","2902032276","2276"
"104","اسفدن","10","318","713","2904022643","2643"
"105","اسفراین","12","30","744","2801021349","1349"
"106","اسفرورین","18","113","30","2602012114","2114"
"107","اسکو","1","31","636","0322021204","1204"
"108","اسلام آبادغرب","22","32","901","0501031256","1256"
"109","اسلام اباد","3","103","32","2406042750","2750"
"110","اسلام شهر آق گل","30","398","1009","1302032871","2871"
"114","اسلامشهر","8","33","683","2310021581","1581"
"115","اسلامیه","10","303","33","2907031372","1372"
"116","اسماعیل آباد","16","152","798","1103012979","2979"
"117","اسیر","17","406","36","0721042708","2708"
"118","اشترینان","26","71","37","1502011490","1490"
"119","اشتهارد","5","34","619","3005011584","1584"
"120","اشکذر","31","35","1014","2108021560","1560"
"121","اشکنان","17","375","38","0715032212","2212"
"122","اشنویه","2","36","657","0413011252","1252"
"123","اصغرآباد","4","166","602","1003012755","2755"
"124","اصفهان","4","37","596","1002031406","1406"
"140","اصلاندوز","3","38","585","2411012166","2166"
"141","اطاقور","25","380","39","0110022385","2385"
"142","افزر","17","329","40","0720012653","2653"
"143","افوس","4","86","599","1024012250","2250"
"144","اقبالیه","18","322","858","2603052125","2125"
"145","اقلید","17","39","819","0703021299","1299"
"146","الشتر","26","253","953","1509021493","1493"
"147","النی","3","395","592","2404022948","2948"
"148","الوان","13","276","384","0614012314","2314"
"149","الوند","18","40","853","2605021539","1539"
"150","الهایی","13","49","755","0603022791","2791"
"151","الیگودرز","26","41","946","1501031489","1489"
"152","امام حسن","7","198","44","1808012370","2370"
"153","امام شهر","17","329","842","0720022011","2011"
"154","امامزاده عبدالله","27","14","46","0201042772","2772"
"155","املش","25","42","929","0113021134","1134"
"156","امیدیه","13","43","752","0616022111","2111"
"157","امیرکلا","27","55","956","0202021153","1153"
"158","امیریه","15","177","47","2001012263","2263"
"159","امین شهر","21","44","49","0820012318","2318"
"160","انابد","11","69","48","0923012440","2440"
"161","انار","21","44","49","0820011334","1334"
"162","انارستان","7","133","301","1809012087","2087"
"163","انارک","4","418","50","1013011433","1433"
"164","انبارآلوم","24","13","1084","2708012509","2509"
"165","اندوهجرد","21","338","400","0808022603","2603"
"166","اندیشه","8","282","690","2309022633","2633"
"167","اندیمشک","13","46","754","0602021271","1271"
"168","اورامان تخت","20","250","54","1209012752","2752"
"169","اوز","17","47","820","0736011316","1316"
"170","اهر","1","48","637","0302021200","1200"
"171","اهرم","7","124","674","1802021518","1518"
"172","اهل","17","375","38","0715032235","2235"
"173","اهواز","13","49","755","0603021272","1272"
"182","ایج","17","28","818","0702022552","2552"
"183","ایذه","13","51","756","0604031274","1274"
"184","ایرانشهر","16","52","794","1101051443","1443"
"185","ایزدخواست","17","2","821","0701042335","2335"
"186","ایزدشهر","27","426","975","0214032648","2648"
"187","ایلام","6","53","625","1601031500","1500"
"188","ایلخچی","1","31","57","0322011205","1205"
"189","ایمانشهر","4","310","611","1008022445","2445"
"190","اینچه برون","24","371","250","2706022496","2496"
"191","ایوان","6","54","626","1607021498","1498"
"192","ایوانکی","15","363","58","2004011548","1548"
"193","ایواوغلی","2","174","59","0403042405","2405"
"194","ایور","12","364","750","2807012053","2053"
"195","باب انار","17","161","829","0734012234","2234"
"196","باباحیدر","9","297","60","1403032124","2124"
"197","بابارشانی","20","98","204","1202012460","2460"
"198","بابامنیر","17","401","575","0713022781","2781"
"199","بابکان","27","14","257","0201052875","2875"
"200","بابل","27","55","956","0202021154","1154"
"203","بابلسر","27","56","957","0216021151","1151"
"204","باجگیران","11","328","62","0913011376","1376"
"205","باخرز","11","57","715","0937012134","2134"
"206","بادرود","4","421","45","1015021441","1441"
"207","بادوله","7","186","473","1804012818","2818"
"208","بار","11","432","743","0917042041","2041"
"209","باروق","2","411","63","0408052592","2592"
"210","بازار جمعه","25","382","382","0116012510","2510"
"211","بازرگان","2","383","64","0406052231","2231"
"212","بازفت","9","353","65","1406012841","2841"
"213","باسمنج","1","115","640","0303031213","1213"
"214","باشت","23","58","892","1707012130","2130"
"215","باغ بهادران","4","378","67","1012011429","1429"
"216","باغ ملک","13","59","759","0615021273","1273"
"217","باغستان","8","282","690","2309022632","2632"
"218","باغشاد","4","378","614","1012032788","2788"
"219","باغین","21","338","887","0808052239","2239"
"220","بافت","21","60","871","0801031328","1328"
"221","بافران","4","418","616","1013032078","2078"
"222","بافق","31","61","1015","2102021554","1554"
"223","باقرشهر","8","221","519","2303032270","2270"
"224","بالاده","17","331","163","0710012423","2423"
"225","بالاشهر","29","216","167","2207032911","2911"
"226","بانوره","22","107","76","0503012761","2761"
"227","بانه","20","62","860","1201021454","1454"
"228","بایک","11","117","75","0905012341","2341"
"229","باینگان","22","107","76","0503012103","2103"
"230","بجستان","11","64","716","0931011382","1382"
"231","بجنورد","12","65","745","2802041353","1353"
"234","بخ","31","119","525","2103042976","2976"
"235","بخشایش","1","439","652","0316022230","2230"
"236","بدره","6","67","628","1610011502","1502"
"237","برازجان","7","185","676","1803031520","1520"
"238","بردخون","7","197","80","1805012483","2483"
"239","بردستان","7","197","678","1805022737","2737"
"240","بردسکن","11","69","717","0923021379","1379"
"241","بردسیر","21","70","872","0810011348","1348"
"242","برده رشه","20","393","227","1206012753","2753"
"243","برزک","4","332","82","1010052542","2542"
"244","برزول","30","428","314","1303032659","2659"
"245","برف انبار","4","306","610","1007012569","2569"
"246","بروات","21","77","83","0802071331","1331"
"247","بروجرد","26","71","947","1502021492","1492"
"250","بروجن","9","72","697","1401031478","1478"
"251","بره سر","25","217","247","0106042383","2383"
"252","بزمان","16","52","84","1101012450","2450"
"253","بزنجان","21","60","871","0801032200","2200"
"254","بستان","13","184","86","0609011283","1283"
"255","بستان آباد","1","73","638","0313021207","1207"
"256","بستک","29","74","990","2209021568","1568"
"257","بسطام","15","270","87","2003011545","1545"
"258","بشرویه","10","76","706","2908011370","1370"
"259","بفروییه","31","414","89","2106032024","2024"
"260","بلاوه","6","146","306","1604052851","2851"
"261","بلبان آباد","20","195","90","1210022042","2042"
"262","بلداجی","9","72","91","1401041477","1477"
"263","بلده","27","426","92","0214012396","2396"
"264","بلورد","21","264","93","0806052825","2825"
"265","بلوک","21","138","34","0803052769","2769"
"266","بم","21","77","873","0802031330","1330"
"267","بمپور","16","78","795","1120012172","2172"
"268","بن","9","79","698","1409011480","1480"
"269","بناب","1","80","639","0312011221","1221"
"270","بناب مرند","1","391","649","0307022589","2589"
"271","بنارویه","17","373","97","0711072182","2182"
"272","بنت","16","433","98","1107012456","2456"
"273","بنجار","16","223","802","1104042453","2453"
"274","بندرامام خمینی","13","85","101","0605011275","1275"
"275","بندرانزلی","25","81","932","0103011120","1120"
"278","بندرترکمن","24","118","918","2702021156","1156"
"279","بندرجاسک","29","130","995","2206021565","1565"
"280","بندردیر","7","197","678","1805021522","1522"
"281","بندردیلم","7","198","679","1808021524","1524"
"282","بندرریگ","7","370","302","1807021525","1525"
"283","بندرعباس","29","82","992","2202041567","1567"
"287","بندرکنگان","7","346","681","1806021523","1523"
"288","بندرگز","24","83","917","2701011178","1178"
"289","بندرگناوه","7","370","682","1807031526","1526"
"290","بندرلنگه","29","84","993","2203051571","1571"
"291","بندرماهشهر","13","85","761","0605021276","1276"
"292","بندزرک","29","416","102","2205052910","2910"
"293","بنک","7","346","681","1806022620","2620"
"294","بوانات","17","87","823","0716021295","1295"
"295","بوستان","23","58","105","1707022917","2917"
"296","بوشکان","7","185","106","1803052817","2817"
"297","بوشهر","7","88","673","1801021517","1517"
"300","بوکان","2","89","658","0410021247","1247"
"301","بومهن","8","108","107","2320012268","2268"
"302","بویین زهرا","18","91","856","2601041537","1537"
"303","بویین سفلی","20","62","1069","1201042459","2459"
"304","بویین ومیاندشت","4","86","599","1024011416","1416"
"305","بهاباد","31","92","1016","2111021553","1553"
"306","بهار","30","93","1003","1307021471","1471"
"307","بهاران شهر","4","310","133","1008012444","2444"
"308","بهارستان","4","37","596","1002032611","2611"
"309","بهارستان","7","133","675","1809022933","2933"
"310","بهبهان","13","95","762","0606031279","1279"
"311","بهرمان","21","214","1075","0804042427","2427"
"312","بهشهر","27","96","958","0204021158","1158"
"313","بهمن","17","2","110","0701052198","2198"
"314","بهنمیر","27","56","112","0216032393","2393"
"315","بیارجمند","15","270","113","2003022161","2161"
"316","بیجار","20","98","861","1202031455","1455"
"317","بیدخت","11","369","740","0915021383","1383"
"318","بیدخون","7","294","680","1810012932","2932"
"319","بیدروبه","13","46","42","0602012803","2803"
"320","بیدستان","18","40","578","2605012578","2578"
"321","بیده","4","257","123","1005032923","2923"
"322","بیران شهر","26","157","115","1503032475","2475"
"323","بیرجند","10","99","707","2901041355","1355"
"326","بیرم","17","373","116","0711052219","2219"
"327","بیستون","22","438","117","0511012233","2233"
"328","بیضا","17","100","824","0731012503","2503"
"329","بیکاء","29","216","118","2207042006","2006"
"330","بیله سوار","3","101","586","2402011230","1230"
"331","پاتاوه","23","192","121","1704012084","2084"
"332","پارس آباد","3","103","587","2406011231","1231"
"333","پارسیان","29","104","994","2211021569","1569"
"334","پارود","16","202","124","1108052890","2890"
"335","پاریز","21","264","125","0806022561","2561"
"336","پاکدشت","8","106","684","2313022120","2120"
"337","پاوه","22","107","902","0503021261","1261"
"338","پایین هولار","27","233","497","0207052746","2746"
"339","پردنجان","9","297","185","1403042730","2730"
"340","پردیس","8","108","107","2320012628","2628"
"341","پرند","8","208","688","2312022826","2826"
"342","پرندک","28","228","983","0010022228","2228"
"343","پره سر","25","213","128","0114011121","1121"
"344","پل","29","164","997","2210022939","2939"
"345","پل سفید","27","260","964","0208021171","1171"
"346","پلان","16","143","131","1102042894","2894"
"347","پلدختر","26","109","948","1508011497","1497"
"348","پلدشت","2","110","659","0415021243","1243"
"349","پلنگ آباد","5","34","132","3005022981","2981"
"350","پول","27","427","478","0215022713","2713"
"351","پهله","6","196","313","1603012127","2127"
"352","پیرانشهر","2","111","660","0402011236","1236"
"353","پیربکران","4","310","133","1008012215","2215"
"354","پیرتاج","20","98","204","1202012785","2785"
"355","پیش قلعه","12","384","573","2806022568","2568"
"356","پیشوا","8","112","685","2318011592","1592"
"357","پیشین","16","202","137","1108012501","2501"
"358","تاتارعلیا","24","206","919","2711022765","2765"
"359","تازه آباد","22","128","903","0512012185","2185"
"360","تازه شهر","2","255","666","0405011241","1241"
"361","تازه کندانگوت","3","365","52","2405012492","2492"
"362","تازه کندنصرت آباد","2","122","141","0412022926","2926"
"363","تازیان پایین","29","82","992","2202042812","2812"
"364","تاکستان","18","113","857","2602041532","1532"
"365","تایباد","11","114","718","0904021357","1357"
"366","تبریز","1","115","640","0303031214","1214"
"377","تجریش","8","275","290","2304012117","2117"
"378","تخت","29","82","140","2202052088","2088"
"379","تربت جام","11","116","719","0906021363","1363"
"380","تربت حیدریه","11","117","720","0905061361","1361"
"381","ترک","1","413","502","0310032402","2402"
"382","ترکالکی","13","359","427","0620012007","2007"
"383","ترکمانچای","1","413","142","0310012144","2144"
"384","تسوج","1","273","143","0314031208","1208"
"385","تشان","13","95","144","0606042798","2798"
"386","تفت","31","119","1017","2103021555","1555"
"387","تفرش","28","121","979","003021104","1104"
"388","تکاب","2","122","661","0412011249","1249"
"389","تلخاب","28","302","244","0013022941","2941"
"390","تنکابن","27","123","959","0205021161","1161"
"391","تنکمان","5","422","147","3003022025","2025"
"392","تنگ ارم","7","185","25","1803042618","2618"
"393","توپ آغاج","20","98","861","1202032784","2784"
"394","توتکابن","25","217","281","0106012229","2229"
"395","توحید","6","442","635","1611012574","2574"
"396","تودشک","4","37","510","1002022513","2513"
"397","توره","28","269","307","007032582","2582"
"398","تویسرکان","30","125","1004","1301021464","1464"
"399","تهران","8","126","686","2301021576","1576"
"422","تیتکانلو","12","298","230","2805012079","2079"
"423","تیران","4","127","600","1019021436","1436"
"424","تیرور","29","416","1001","2205032814","2814"
"425","تیکمه داش","1","73","150","0313012295","2295"
"426","تیمورلو","1","5","548","0321012763","2763"
"427","ثمرین","3","20","152","2401062882","2882"
"428","جاجرم","12","129","746","2803031350","1350"
"429","جالق","16","240","156","1106012191","2191"
"430","جاورسیان","28","168","452","0012012073","2073"
"431","جایزان","13","43","157","0616012420","2420"
"432","جبالبارز","21","138","158","0803022237","2237"
"433","جزینک","16","231","165","1110012978","2978"
"434","جعفرآباد","3","101","455","2402022209","2209"
"435","جعفراباد","6","53","376","1601042974","2974"
"436","جعفریه","19","327","166","2501012274","2274"
"437","جغتای","11","131","721","0934011596","1596"
"438","جلفا","1","132","641","0319021225","1225"
"439","جلین","24","362","924","2705022018","2018"
"440","جم","7","133","675","1809022259","2259"
"441","جناح","29","74","176","2209012625","2625"
"442","جنت شهر","17","175","177","0705052179","2179"
"443","جنت مکان","13","359","773","0620022716","2716"
"444","جندق","4","171","604","1023012203","2203"
"445","جنگل","11","212","179","0927012606","2606"
"446","جوادآباد","8","435","180","2306022168","2168"
"447","جوادیه الهیه","21","214","1075","0804042954","2954"
"448","جوان قلعه","1","293","459","0325012843","2843"
"449","جوانرود","22","134","904","0509031260","1260"
"450","جوپار","21","338","574","0808041343","1343"
"451","جورقان","30","443","1011","1304072254","2254"
"452","جوزدان","4","419","617","1014022045","2045"
"453","جوزم","21","279","267","0807022031","2031"
"454","جوشقان قالی","4","332","465","1010022447","2447"
"455","جوکار","30","398","183","1302012468","2468"
"456","جولکی","13","12","184","0626022920","2920"
"457","جونقان","9","297","185","1403041485","1485"
"458","جویبار","27","135","960","0221021175","1175"
"459","جویم","17","373","186","0711022183","2183"
"460","جهرم","17","137","826","0704041301","1301"
"461","جیرفت","21","138","874","0803041332","1332"
"462","جیرنده","25","217","429","0106022138","2138"
"463","چابکسر","25","219","187","0107041135","1135"
"464","چاپشلو","11","179","188","0907012202","2202"
"465","چادگان","4","139","601","1020021415","1415"
"466","چارک","29","84","405","2203022266","2266"
"467","چاف و چمخاله","25","380","943","0110012076","2076"
"468","چالانچولان","26","193","372","1505012363","2363"
"469","چالوس","27","142","961","0220021190","1190"
"470","چاه بهار","16","143","797","1102021446","1446"
"471","چاه دادخدا","21","326","190","0816012908","2908"
"472","چاه مبارک","7","294","191","1810022878","2878"
"473","چاه ورز","17","375","193","0715052906","2906"
"474","چترود","21","338","194","0808071345","1345"
"475","چخماق","11","224","356","0935022950","2950"
"476","چرام","23","145","895","1706011513","1513"
"477","چرمهین","4","378","67","1012012121","2121"
"478","چشمه شیرین","6","67","1092","1610022909","2909"
"479","چغادک","7","88","196","1801032481","2481"
"480","چغامیش","13","183","197","0608032717","2717"
"481","چقابل","26","220","952","1511022256","2256"
"482","چکنه","11","432","349","0917032564","2564"
"483","چگرد","16","189","169","1112022914","2914"
"484","چلگرد","9","353","703","1406022360","2360"
"485","چلیچه","9","297","185","1403042806","2806"
"486","چم پلک","26","147","388","1510022973","2973"
"487","چم گلک","13","46","754","0602022802","2802"
"488","چمران","13","85","761","0605022311","2311"
"489","چمستان","27","426","201","0214022119","2119"
"490","چمگردان","4","378","614","1012031430","1430"
"491","چمن سلطان","26","41","78","1501062876","2876"
"492","چناران","11","148","723","0918021386","1386"
"493","چناران شهر","12","65","745","2802042847","2847"
"494","چناره","20","393","347","1206022464","2464"
"495","چوار","6","53","205","1601021499","1499"
"496","چوبر","25","291","223","0104062585","2585"
"497","چورزق","14","288","206","1908012486","2486"
"498","چویبده","13","1","757","0601022010","2010"
"499","چهارباغ","5","235","207","3002042631","2631"
"500","چهاربرج","2","411","581","0408042232","2232"
"501","چهاردانگه","8","33","209","2310012489","2489"
"502","چیتاب","23","90","477","1701052083","2083"
"503","حاجی آباد","10","232","710","2909012347","2347"
"504","حاجی آباد","17","229","834","0719021302","1302"
"505","حاجی اباد","29","149","996","2208021566","1566"
"506","حاجیلار","2","144","212","0416012879","2879"
"507","حبیب آباد","4","68","213","1022011397","1397"
"508","حر","13","276","770","0614022649","2649"
"509","حسامی","17","245","836","0732012095","2095"
"510","حسن آباد","8","221","440","2303022167","2167"
"511","حسن اباد","4","37","161","1002042187","2187"
"512","حسن اباد","17","39","216","0703032082","2082"
"513","حسین آباد","20","259","217","1204052895","2895"
"514","حسینیه","13","46","42","0602012595","2595"
"515","حصارگرمخان","12","65","532","2802052431","2431"
"516","حکم اباد","11","136","425","0936022889","2889"
"517","حلب","14","50","218","1906012485","2485"
"518","حمزه","13","183","345","0608012035","2035"
"519","حمیدیا","31","448","1021","2105032163","2163"
"520","حمیدیه","13","150","763","0625012105","2105"
"521","حمیل","22","32","219","0501012411","2411"
"522","حنا","4","257","606","1005022249","2249"
"523","حویق","25","291","223","0104062584","2584"
"524","خاتون اباد","21","279","882","0807012086","2086"
"525","خارک","7","88","224","1801011516","1516"
"526","خاروانا","1","436","225","0324012398","2398"
"527","خاش","16","152","798","1103011449","1449"
"528","خاکعلی","18","4","88","2604012637","2637"
"529","خالدآباد","4","421","45","1015022612","2612"
"530","خامنه","1","273","645","0314021209","1209"
"531","خان ببین","24","206","442","2711011183","1183"
"532","خانوک","21","227","880","0805022201","2201"
"533","خانه زنیان","17","283","21","0707062057","2057"
"534","خانیمن","17","392","476","0712072776","2776"
"535","خاوران","17","161","278","0734021300","1300"
"536","خداجو(خراجو)","1","389","338","0306032331","2331"
"537","خرامه","17","156","827","0729021308","1308"
"538","خرم آباد","26","157","949","1503061496","1496"
"539","خرم آباد","27","123","233","0205041162","1162"
"543","خرمدره","14","159","782","1907011529","1529"
"544","خرمدشت","18","113","234","2602022374","2374"
"545","خرمشهر","13","160","764","0607011280","1280"
"546","خرو","11","432","310","0917022349","2349"
"547","خسروشاه","1","115","236","0303041206","1206"
"548","خشت","17","331","237","0710062109","2109"
"549","خشکبیجار","25","211","238","0105061125","1125"
"550","خشکرود","28","228","983","0010022017","2017"
"551","خضرآباد","31","35","239","2108012377","2377"
"552","خضری دشت بیاض","10","318","1080","2904031374","1374"
"553","خلخال","3","162","588","2403041219","1219"
"554","خلیفان","2","404","241","0407012734","2734"
"555","خلیل آباد","11","163","724","0929021380","1380"
"556","خلیل شهر","27","96","958","0204022647","2647"
"557","خمارلو","1","154","643","0326012332","2332"
"558","خمام","25","211","242","0105011126","1126"
"559","خمیر","29","164","997","2210021564","1564"
"560","خمین","28","165","980","004011105","1105"
"561","خمینی شهر","4","166","602","1003011410","1410"
"562","خنافره","13","268","243","0611022794","2794"
"563","خنج","17","167","830","0724021317","1317"
"564","خنجین","28","302","244","0013022773","2773"
"565","خنداب","28","168","981","0012022304","2304"
"566","خواجو شهر","21","264","540","0806032823","2823"
"567","خواجه","1","439","245","0316012146","2146"
"568","خواف","11","169","725","0919021358","1358"
"569","خوانسار","4","170","603","1004011413","1413"
"570","خور","4","171","604","1023011434","1434"
"571","خور","17","373","847","0711042553","2553"
"572","خورزوق","4","68","598","1022021398","1398"
"573","خورسند","21","279","882","0807012030","2030"
"574","خورموج","7","186","677","1804021521","1521"
"575","خوزی","17","406","1081","0721032820","2820"
"576","خوسف","10","172","708","2910012242","2242"
"577","خوش رودپی","27","55","100","0202012389","2389"
"578","خوشه مهر","1","80","639","0312012934","2934"
"579","خومه زار","17","401","850","0713032712","2712"
"580","خوی","2","174","664","0403021238","1238"
"581","خیراباد","17","156","827","0729022963","2963"
"582","دابودشت","27","14","248","0201032586","2586"
"583","داراب","17","175","831","0705031303","1303"
"584","داران","4","305","609","1006031417","1417"
"585","دارخوین","13","268","249","0611032008","2008"
"586","داریان","1","273","645","0314022946","2946"
"587","داریان","17","283","838","0707052298","2298"
"588","دالکی","7","185","676","1803032369","2369"
"589","دامغان","15","177","788","2001021540","1540"
"590","دامنه","4","305","609","1006032251","2251"
"591","دانسفهان","18","91","276","2601022159","2159"
"592","داودآباد","28","19","977","001022536","2536"
"593","داورزن","11","178","727","0939012244","2244"
"594","دبیران","17","229","834","0719022651","2651"
"595","درب بهشت","21","138","329","0803012339","2339"
"596","درب گنبد","26","352","253","1506052615","2615"
"597","درجزین","15","405","792","2005022022","2022"
"598","درچه","4","166","602","1003011411","1411"
"599","درح","10","243","254","2903032897","2897"
"600","درق","12","364","750","2807012641","2641"
"601","درگز","11","179","728","0907031365","1365"
"602","درگهان","29","323","1000","2204022627","2627"
"603","درود","11","432","310","0917021393","1393"
"604","دره شهر","6","182","630","1602031503","1503"
"605","دزج","20","321","211","1205042463","2463"
"606","دزفول","13","183","765","0608021282","1282"
"610","دژکرد","17","39","335","0703012014","2014"
"611","دستجرد","19","327","240","2501022515","2515"
"612","دستگرد","4","68","598","1022021399","1399"
"613","دستنا","9","357","704","1407012729","2729"
"614","دشتک","9","23","696","1405012808","2808"
"615","دشتکار","21","70","872","0810012824","2824"
"616","دشتی","29","104","994","2211022751","2751"
"617","دلبران","20","321","262","1205052426","2426"
"618","دلگشا","6","400","529","1608022028","2028"
"619","دلند","24","206","919","2711022195","2195"
"620","دلوار","7","124","263","1802012258","2258"
"621","دلیجان","28","190","982","005011106","1106"
"622","دماوند","8","191","687","2302021578","1578"
"623","دمق","30","209","344","1308012357","2357"
"624","دندی","14","385","53","1909012261","2261"
"625","دوبرجی","17","175","444","0705042081","2081"
"626","دوراهک","7","197","678","1805022819","2819"
"627","دورود","26","193","951","1505021491","1491"
"628","دوزدوزان","1","239","1041","0305022399","2399"
"629","دوزه","17","137","374","0704022707","2707"
"630","دوزین","24","417","512","2707052883","2883"
"631","دوساری","21","296","883","0812012721","2721"
"632","دوست محمد","16","447","816","1111012514","2514"
"633","دوگنبدان","23","360","898","1703021515","1515"
"634","دولت آباد","4","68","598","1022021400","1400"
"635","دولت آباد","11","224","730","0935012135","2135"
"636","ده رییس","16","152","55","1103032915","2915"
"637","ده سرخ","4","386","530","1017022937","2937"
"638","ده کهان","21","356","888","0809042956","2956"
"639","دهاقان","4","194","605","1021011421","1421"
"640","دهبارز","29","216","998","2207021574","1574"
"641","دهج","21","279","267","0807022238","2238"
"642","دهدز","13","51","268","0604022415","2415"
"643","دهدشت","23","355","897","1702051514","1514"
"644","دهرم","17","301","269","0722022059","2059"
"645","دهق","4","419","1042","1014031437","1437"
"646","دهکویه","17","373","847","0711042952","2952"
"647","دهگلان","20","195","862","1210011460","1460"
"648","دهلران","6","196","631","1603021505","1505"
"649","دیباج","15","177","788","2001022264","2264"
"650","دیزج دیز","2","174","664","0403022043","2043"
"651","دیزیچه","4","386","615","1017012189","2189"
"652","دیشموک","23","355","271","1702062480","2480"
"653","دیلمان","25","262","272","0115012329","2329"
"654","دیواندره","20","199","863","1207021459","1459"
"655","دیهوک","10","290","274","2911032624","2624"
"656","رابر","21","200","875","0818011327","1327"
"657","راز","12","201","747","2808012132","2132"
"658","رازقان","28","228","232","0010012378","2378"
"659","رازمیان","18","322","289","2603032495","2495"
"660","راسک","16","202","801","1108032461","2461"
"661","رامجرد","17","392","255","0712052080","2080"
"662","رامسر","27","203","962","0206011167","1167"
"663","رامشیر","13","204","767","0619011286","1286"
"664","رامهرمز","13","205","768","0610021287","1287"
"665","رامیان","24","206","919","2711021184","1184"
"666","رانکوه","25","42","277","0113012519","2519"
"667","راور","21","207","876","0811021340","1340"
"668","راین","21","338","279","0808061329","1329"
"669","رباط","22","339","576","0502062196","2196"
"670","رباط سنگ","11","117","170","0905072434","2434"
"671","رباطکریم","8","208","688","2312021585","1585"
"672","ربط","2","248","665","0404012547","2547"
"673","رحیم آباد","25","219","282","0107021136","1136"
"674","رزن","30","209","1006","1308032171","2171"
"675","رزوه","4","139","601","1020022352","2352"
"676","رستاق","17","175","283","0705022905","2905"
"677","رستم آباد","25","217","935","0106032139","2139"
"678","رستمکلا","27","96","958","0204021159","1159"
"679","رشت","25","211","933","0105051129","1129"
"685","رشتخوار","11","212","729","0927021359","1359"
"686","رضوانشهر","4","127","600","1019022573","2573"
"687","رضوانشهر","25","213","934","0114021122","1122"
"688","رضویه","11","396","284","0916062436","2436"
"689","رضی","3","395","24","2404012300","2300"
"690","رفسنجان","21","214","877","0804021335","1335"
"691","رفیع","13","446","1079","0623012313","2313"
"692","رمشک","21","326","190","0816012957","2957"
"693","روانسر","22","215","906","0514022102","2102"
"694","رود زرد ماشین","13","205","297","0610032929","2929"
"695","روداب","11","237","286","0908052245","2245"
"696","رودبار","21","218","878","0815022325","2325"
"697","رودبار","25","217","935","0106031132","1132"
"698","رودبنه","25","376","292","0111042386","2386"
"699","رودسر","25","219","936","0107031137","1137"
"700","رودهن","8","191","298","2302031579","1579"
"701","رودیان","15","270","790","2003032775","2775"
"702","رونیز","17","28","299","0702012177","2177"
"703","رویان","27","426","975","0214031193","1193"
"704","رویدر","29","164","300","2210012005","2005"
"705","ری","8","221","689","2303042115","2115"
"706","ریجاب","22","176","905","0513022760","2760"
"707","ریحان","21","227","880","0805022600","2600"
"708","ریز","7","133","301","1809012662","2662"
"709","ریگ ملک","16","415","303","1117032912","2912"
"710","رینه","27","14","559","0201011148","1148"
"711","ریواده","11","131","1090","0934022901","2901"
"712","ریوش","11","354","739","0941012348","2348"
"713","زابل","16","223","802","1104041450","1450"
"714","زارچ","31","448","304","2105041561","1561"
"715","زازران","4","310","467","1008032789","2789"
"716","زاغه","26","157","305","1503052361","2361"
"717","زاووت","13","45","199","0621022928","2928"
"718","زاویه","28","228","983","0010021108","1108"
"719","زاهدان","16","225","803","1105011451","1451"
"725","زاهدشهر","17","309","404","0708022107","2107"
"726","زاینده رود","4","378","614","1012032504","2504"
"727","زرآباد","2","174","413","0403032735","2735"
"728","زرآباد","16","345","311","1109012739","2739"
"729","زرقان","17","226","833","0730011305","1305"
"730","زرگرمحله","27","55","562","0202052392","2392"
"731","زرند","21","227","880","0805021337","1337"
"732","زرنق","1","439","652","0316022147","2147"
"733","زرنه","6","54","312","1607012476","2476"
"734","زرین آباد","14","50","780","1906022327","2327"
"735","زرین رود","14","155","85","1903022376","2376"
"736","زرین شهر","4","378","614","1012031431","1431"
"737","زرینه","20","199","484","1207012465","2465"
"738","زنجان","14","230","783","1904051534","1534"
"743","زنگنه","30","398","318","1302042658","2658"
"744","زنگی آباد","21","338","887","0808052323","2323"
"745","زنگی اباد","17","392","849","0712042961","2961"
"746","زنوز","1","391","649","0307021227","1227"
"747","زواره","4","21","320","1001021396","1396"
"748","زهان","10","232","321","2909022644","2644"
"749","زهرا","3","365","1036","2405052880","2880"
"750","زهره","13","444","200","0618022650","2650"
"751","زهک","16","231","804","1110022173","2173"
"752","زهکلوت","21","218","155","0815012821","2821"
"753","زیار","4","37","596","1002032830","2830"
"754","زیارت","12","284","748","2804022845","2845"
"755","زیارتعلی","29","216","295","2207012663","2663"
"756","زیباشهر","4","386","530","1017022572","2572"
"757","زیدآباد","21","264","322","0806042320","2320"
"758","زیرآب","27","260","324","0208031172","1172"
"759","ساربوک","16","325","328","1118022892","2892"
"760","ساروق","28","19","330","001032074","2074"
"761","ساری","27","233","963","0207031169","1169"
"765","سالند","13","183","345","0608012416","2416"
"766","سامان","9","234","700","1408011481","1481"
"767","سامن","30","398","331","1302021466","1466"
"768","ساوه","28","236","984","006031110","1110"
"771","سبزوار","11","237","731","0908071367","1367"
"774","سپیددشت","26","157","120","1503022474","2474"
"775","سجاس","14","155","333","1903042371","2371"
"776","سجزی","4","37","510","1002022350","2350"
"777","سده","17","39","335","0703012297","2297"
"778","سده لنجان","4","378","614","1012031432","1432"
"779","سراب","1","239","644","0305011220","1220"
"780","سراب باغ","6","3","336","1606032056","2056"
"781","سراب دوره","26","147","198","1510012255","2255"
"782","سرابله","6","146","629","1604021507","1507"
"783","سراوان","16","240","805","1106041453","1453"
"784","سرایان","10","241","13","2906011371","1371"
"785","سرباز","16","242","806","1123012499","2499"
"786","سربیشه","10","243","711","2903011354","1354"
"787","سرپل ذهاب","22","244","907","0504011264","1264"
"788","سرجنگل","16","225","506","1105042891","2891"
"789","سرخرود","27","388","341","0218012395","2395"
"790","سرخس","11","246","732","0920021387","1387"
"791","سرخنکلاته","24","362","108","2705032508","2508"
"792","سرخون","9","23","1047","1405022809","2809"
"793","سرخه","15","247","342","2008011541","1541"
"794","سرداران","13","277","771","0612022792","2792"
"795","سردرود","1","115","640","0303031215","1215"
"796","سردشت","2","248","665","0404011240","1240"
"797","سردشت","9","377","296","1404052840","2840"
"798","سردشت","13","95","323","0606022500","2500"
"799","سردشت","29","75","991","2213012061","2061"
"800","سرعین","3","249","589","2410011196","1196"
"801","سرفاریاب","23","145","348","1706022828","2828"
"802","سرکان","30","125","1004","1301021465","1465"
"803","سرگز","29","149","18","2208032092","2092"
"804","سرمست","22","372","547","0508022413","2413"
"805","سرو","2","26","416","0401032404","2404"
"806","سروآباد","20","250","864","1209022205","2205"
"807","سروستان","17","251","837","0725021306","1306"
"808","سریش آباد","20","321","350","1205031461","1461"
"809","سطر","22","258","496","0505022594","2594"
"810","سعادت شهر","17","105","825","0723011322","1322"
"811","سعد آباد","7","185","351","1803011519","1519"
"812","سفیددشت","9","72","697","1401032306","2306"
"813","سفیدسنگ","11","308","464","0922012608","2608"
"814","سفیدشهر","4","7","597","1018022543","2543"
"815","سقز","20","252","865","1203021456","1456"
"816","سگزآباد","18","91","856","2601042638","2638"
"817","سلامی","11","169","352","0919042605","2605"
"818","سلطان آباد","11","173","726","0938012343","2343"
"819","سلطان آباد","13","205","353","0610042921","2921"
"820","سلطان شهر","17","156","481","0729012782","2782"
"821","سلطانیه","14","254","784","1910011527","1527"
"822","سلفچگان","19","327","354","2501052027","2027"
"823","سلماس","2","255","666","0405011242","1242"
"824","سلمان شهر","27","292","355","0224021163","1163"
"825","سماله","13","359","427","0620012715","2715"
"826","سمنان","15","256","789","2002011542","1542"
"827","سمیرم","4","257","606","1005021414","1414"
"828","سمیع آباد","11","116","127","0906052888","2888"
"829","سنته","20","252","43","1203042924","2924"
"830","سنخواست","12","129","172","2803012432","2432"
"831","سندرک","29","416","358","2205022064","2064"
"832","سنقر","22","258","908","0505011265","1265"
"833","سنگان","11","169","359","0919012213","2213"
"834","سنگدوین","24","295","920","2703012837","2837"
"835","سنگر","25","211","360","0105021130","1130"
"836","سنندج","20","259","866","1204031458","1458"
"840","سودجان","9","281","558","1402052614","2614"
"841","سوران","16","263","807","1114012174","2174"
"842","سورشجان","9","281","558","1402052113","2113"
"843","سورک","27","412","973","0225012305","2305"
"844","سورمق","17","2","821","0701042597","2597"
"845","سوری","26","220","362","1511012972","2972"
"846","سوزا","29","323","399","2204012487","2487"
"847","سوسنگرد","13","184","766","0609021284","1284"
"848","سوق","23","355","364","1702072156","2156"
"849","سومار","22","324","365","0506012197","2197"
"850","سه قلعه","10","241","367","2906022563","2563"
"851","سهرورد","14","155","781","1903032039","2039"
"852","سهند","1","31","636","0322022033","2033"
"853","سی سخت","23","192","896","1704031511","1511"
"854","سیاه منصور","13","183","765","0608022800","2800"
"855","سیاهکل","25","262","937","0115021146","1146"
"856","سیجوال","24","118","368","2702032975","2975"
"857","سیدان","17","392","369","0712062336","2336"
"858","سیراف","7","346","681","1806022661","2661"
"859","سیرجان","21","264","881","0806011338","1338"
"862","سیردان","18","322","419","2603042667","2667"
"863","سیرکان","16","240","94","1106052455","2455"
"864","سیریز","21","227","1098","0805032955","2955"
"865","سیریک","29","266","999","2212022267","2267"
"866","سیس","1","273","645","0314022148","2148"
"867","سیلوانه","2","26","373","0401022403","2403"
"868","سیمین شهر","24","368","537","2713022580","2580"
"869","سیمینه","2","89","375","0410012548","2548"
"870","سین","4","68","598","1022022756","2756"
"871","سیه چشمه","2","141","662","0414021245","1245"
"872","سیه رود","1","132","377","0319012497","2497"
"873","شاپورآباد","4","68","213","1022012094","2094"
"874","شادگان","13","268","769","0611011288","1288"
"875","شادمهر","11","403","378","0930012069","2069"
"876","شازند","28","269","985","007011113","1113"
"877","شال","18","91","381","2601031538","1538"
"878","شاندیز","11","102","383","0932021388","1388"
"879","شاوور","13","276","384","0614012037","2037"
"880","شاهپوراباد","26","41","79","1501052877","2877"
"881","شاهدشهر","8","282","690","2309022303","2303"
"882","شاهدیه","31","448","1021","2105032126","2126"
"883","شاهرود","15","270","790","2003031547","1547"
"884","شاهو","22","215","387","0514012034","2034"
"885","شاهین دژ","2","271","667","0411011250","1250"
"886","شاهین شهر","4","272","607","1016031401","1401"
"887","شباب","6","146","389","1604042850","2850"
"888","شبانکاره","7","185","390","1803022157","2157"
"889","شبستر","1","273","645","0314021210","1210"
"890","شرافت","13","277","771","0612022036","2036"
"891","شربیان","1","239","1041","0305022330","2330"
"892","شرفخانه","1","273","645","0314021211","1211"
"893","شروینه","22","134","494","0509042900","2900"
"894","شریف آباد","8","106","392","2313012490","2490"
"895","شریفیه","18","40","578","2605012040","2040"
"896","ششتمد","11","237","393","0908062344","2344"
"897","ششده","17","309","394","0708012180","2180"
"898","شفت","25","274","938","0112021141","1141"
"899","شلمان","25","380","509","0110032141","2141"
"900","شلمزار","9","357","704","1407012153","2153"
"901","شمس آباد","13","183","765","0608022100","2100"
"902","شمشک","8","275","290","2304012778","2778"
"903","شنبه","7","186","397","1804032050","2050"
"904","شندآباد","1","273","645","0314022101","2101"
"905","شوسف","10","429","398","2905012441","2441"
"906","شوش","13","276","770","0614021281","1281"
"907","شوشتر","13","277","771","0612021290","1290"
"908","شوط","2","278","668","0417021244","1244"
"909","شوقان","12","129","173","2803022433","2433"
"910","شول آباد","26","41","315","1501022728","2728"
"911","شویشه","20","259","491","1204042462","2462"
"912","شهباز","28","269","454","007042774","2774"
"913","شهداد","21","338","400","0808021341","1341"
"914","شهر امام","13","183","765","0608022417","2417"
"915","شهراباد","11","69","401","0923032090","2090"
"916","شهربابک","21","279","882","0807011339","1339"
"917","شهرپیر","17","229","56","0719012558","2558"
"918","شهرجدیدهشتگرد","5","235","620","3002012664","2664"
"919","شهرزو","11","340","308","0928012609","2609"
"920","شهرصدرا","17","283","838","0707052015","2015"
"921","شهرضا","4","280","608","1009021422","1422"
"922","شهرکرد","9","281","701","1402021482","1482"
"923","شهریار","8","282","690","2309021588","1588"
"927","شهمیرزاد","15","405","402","2005011543","1543"
"928","شهیون","13","183","403","0608042927","2927"
"929","شیبان","13","63","1085","0624022310","2310"
"930","شیراز","17","283","838","0707051309","1309"
"941","شیرگاه","27","261","965","0227011173","1173"
"942","شیروان","12","284","748","2804021368","1368"
"943","شیرود","27","123","959","0205021100","1100"
"944","شیرین سو","30","335","407","1305032470","2470"
"945","صاحب","20","252","326","1203012502","2502"
"946","صادق اباد","24","358","569","2714022884","2884"
"947","صالح آباد","6","407","409","1605021509","1509"
"948","صالح آباد","11","285","733","0940011362","1362"
"949","صالح آباد","30","93","410","1307032216","2216"
"950","صالح شهر","13","359","773","0620022009","2009"
"951","صالحیه","8","94","539","2319012665","2665"
"952","صایین قلعه","14","18","779","1901031530","1530"
"953","صباشهر","8","282","690","2309022277","2277"
"954","صحنه","22","286","909","0510021257","1257"
"955","صغاد","17","2","110","0701051297","1297"
"956","صفادشت","8","397","412","2317022373","2373"
"957","صفاشهر","17","158","828","0718021294","1294"
"958","صفاییه","21","214","438","0804052085","2085"
"959","صفی آباد","12","30","72","2801012430","2430"
"960","صفی آباد","13","183","765","0608022418","2418"
"961","صمصامی","9","353","264","1406032839","2839"
"962","صوفیان","1","273","415","0314011212","1212"
"963","صومعه سرا","25","287","939","0108021140","1140"
"964","صیدون","13","59","417","0615032596","2596"
"965","ضیاآباد","18","113","418","2602032158","2158"
"966","طاقانک","9","281","701","1402022359","2359"
"967","طالخونچه","4","386","615","1017012204","2204"
"968","طالقان","5","289","621","3004012169","2169"
"969","طبس","10","290","712","2911021369","1369"
"970","طبس مسینا","10","181","533","2902022052","2052"
"971","طبقده","27","412","551","0225022931","2931"
"972","طبل","29","323","215","2204042940","2940"
"973","طرق رود","4","421","618","1015012754","2754"
"974","طرقبه","11","102","421","0932011389","1389"
"975","طسوج","17","348","423","0728022904","2904"
"976","عاشقلو","1","154","1033","0326032944","2944"
"977","عالی شهر","7","88","673","1801022867","2867"
"978","عباس اباد","27","292","967","0224011164","1164"
"979","عجب شیر","1","293","646","0325021222","1222"
"980","عرب حسن","13","277","1044","0612042968","2968"
"981","عسگران","4","127","486","1019012449","2449"
"982","عسلویه","7","294","680","1810012621","2621"
"983","عشق آباد","10","290","256","2911012345","2345"
"984","عشق آباد","11","432","1045","0917052438","2438"
"985","عقدا","31","22","426","2101032623","2623"
"986","علامرودشت","17","375","428","0715042236","2236"
"987","علویجه","4","419","1042","1014031438","1438"
"988","علی اباد","21","138","874","0803042953","2953"
"989","علی اباد","24","295","920","2703011174","1174"
"990","علی اکبر","16","437","151","1116022046","2046"
"991","علیشاه","1","273","645","0314022947","2947"
"992","عماد شهر","17","373","411","0711082709","2709"
"993","عنبر","13","394","430","0613052930","2930"
"994","عنبرآباد","21","296","883","0812011333","1333"
"995","عنبران","3","425","431","2408032576","2576"
"996","غرق آباد","28","236","1070","006041111","1111"
"997","غلامان","12","201","432","2808022942","2942"
"998","فارسان","9","297","702","1403021486","1486"
"999","فارغان","29","149","434","2208012626","2626"
"1000","فاروج","12","298","749","2805021377","1377"
"1001","فاروق","17","392","369","0712062951","2951"
"1002","فاریاب","21","299","884","0822012429","2429"
"1003","فاضل آباد","24","295","498","2703022507","2507"
"1004","فال","17","406","542","0721012966","2966"
"1005","فامنین","30","300","1007","1309012192","2192"
"1006","فتح آباد","4","257","1082","1005042936","2936"
"1007","فتح المبین","13","276","435","0614032718","2718"
"1008","فخراباد","3","395","1027","2404032704","2704"
"1009","فدامی","17","175","444","0705042016","2016"
"1010","فرادبنه","9","72","697","1401031479","1479"
"1011","فراشبند","17","301","839","0722011311","1311"
"1012","فراغی","24","342","136","2709032835","2835"
"1013","فرح آباد","27","233","294","0207072874","2874"
"1014","فرخ شهر","9","281","437","1402061483","1483"
"1015","فرخی","4","171","604","1023012077","2077"
"1016","فردوس","10","303","33","2907031373","1373"
"1017","فردوسیه","8","282","182","2309032491","2491"
"1020","فرسفج","30","125","463","1301012467","2467"
"1021","فرمهین","28","302","986","0013012136","2136"
"1022","فرون اباد","8","106","684","2313022705","2705"
"1023","فرهادگرد","11","308","734","0922022566","2566"
"1024","فریدونشهر","4","306","610","1007011418","1418"
"1025","فریدونکنار","27","307","968","0223021152","1152"
"1026","فریم","27","233","265","0207022588","2588"
"1027","فریمان","11","308","734","0922021390","1390"
"1028","فسا","17","309","840","0708031310","1310"
"1029","فشم","8","275","290","2304011582","1582"
"1030","فلاورجان","4","310","611","1008021419","1419"
"1031","فنوج","16","311","808","1119012175","2175"
"1032","فولادشهر","4","378","614","1012032128","2128"
"1033","فومن","25","312","941","0109021142","1142"
"1034","فهرج","21","313","885","0819012317","2317"
"1035","فیرورق","2","174","445","0403061239","1239"
"1036","فیروزآباد","17","314","841","0709031313","1313"
"1037","فیروزآباد","26","253","447","1509012367","2367"
"1038","فیروزان","30","428","235","1303012206","2206"
"1039","فیروزکوه","8","315","691","2314021577","1577"
"1040","فیروزه","11","316","735","0933012220","2220"
"1041","فیض آباد","11","403","742","0930021360","1360"
"1042","فیل اباد","9","297","60","1403032938","2938"
"1043","فین","29","82","449","2202032307","2307"
"1044","قادراباد","17","158","1028","0718011323","1323"
"1045","قاسم آباد","11","169","171","0919032439","2439"
"1046","قاضی","12","384","357","2806012567","2567"
"1047","قایم شهر","27","317","969","0210021176","1176"
"1048","قایمیه","17","350","845","0733012108","2108"
"1049","قاین","10","318","713","2904021375","1375"
"1050","قدس","8","319","692","2316012116","2116"
"1051","قدمگاه","11","432","310","0917022246","2246"
"1052","قرچک","8","320","693","2321011593","1593"
"1053","قرق","24","362","108","2705032868","2868"
"1054","قرقری","16","447","450","1111022916","2916"
"1055","قروه","20","321","867","1205021462","1462"
"1056","قروه درگزین","30","180","1005","1310021470","1470"
"1057","قره آغاج","1","140","642","0323022145","2145"
"1058","قره بلاغ","17","309","394","0708012762","2762"
"1059","قره ضیاءالدین","2","144","663","0416021237","1237"
"1060","قزوین","18","322","858","2603051595","1595"
"1065","قشم","29","323","1000","2204021573","1573"
"1066","قصابه","3","395","456","2404052749","2749"
"1067","قصرشیرین","22","324","910","0506021266","1266"
"1068","قصرقند","16","325","809","1118011445","1445"
"1069","قطب آباد","17","137","483","0704032178","2178"
"1070","قطرویه","17","430","457","0714042058","2058"
"1071","قطور","2","174","458","0403052044","2044"
"1072","قلعه","22","339","119","0502082896","2896"
"1073","قلعه تل","13","59","759","0615022551","2551"
"1074","قلعه خواجه","13","45","753","0621032550","2550"
"1075","قلعه رییسی","23","355","189","1702022479","2479"
"1076","قلعه قاضی","29","82","461","2202062063","2063"
"1077","قلعه گنج","21","326","886","0816022176","2176"
"1078","قلعه نو","8","221","462","2303062887","2887"
"1079","قلعه نوعلیا","11","57","71","0937022970","2970"
"1080","قلندرآباد","11","308","464","0922012442","2442"
"1081","قم","19","327","859","2501031114","1114"
"1090","قمصر","4","332","465","1010021424","1424"
"1091","قنوات","19","327","859","2501032516","2516"
"1092","قوچان","11","328","736","0913031378","1378"
"1093","قورچی باشی","28","165","499","004022541","2541"
"1094","قوشچی","2","26","51","0401012150","2150"
"1095","قوشخانه","12","284","466","2804032846","2846"
"1096","قهاوند","30","443","391","1304052356","2356"
"1097","قهجاورستان","4","37","596","1002032021","2021"
"1098","قهدریجان","4","310","467","1008031439","1439"
"1099","قهستان","10","181","468","2902012051","2051"
"1100","قیام دشت","8","221","226","2303052886","2886"
"1101","قیدار","14","155","781","1903031533","1533"
"1102","قیر","17","329","842","0720021312","1312"
"1103","کاج","9","23","696","1405012807","2807"
"1104","کاخک","11","369","469","0915031384","1384"
"1105","کارچان","28","19","1029","001041600","1600"
"1106","کارزین (فتح آباد)","17","329","842","0720022422","2422"
"1107","کاریز","11","114","718","0904022562","2562"
"1108","کازرون","17","331","843","0710041315","1315"
"1109","کاشان","4","332","612","1010031425","1425"
"1110","کاشمر","11","333","737","0914041381","1381"
"1111","کاظم آباد","21","338","194","0808072324","2324"
"1112","کاکی","7","186","473","1804012131","2131"
"1113","کامفیروز","17","392","475","0712032555","2555"
"1114","کامو و چوگان","4","332","465","1010022831","2831"
"1115","کامیاران","20","334","868","1208011457","1457"
"1116","کانی دینار","20","393","869","1206032055","2055"
"1117","کانی سور","20","62","1068","1201032458","2458"
"1118","کبودرآهنگ","30","335","1008","1305021473","1473"
"1119","کتالم وسادات شهر","27","203","962","0206011168","1168"
"1120","کجور","27","427","478","0215022779","2779"
"1121","کدکن","11","117","479","0905052243","2243"
"1122","کرج","5","336","623","3001011590","1590"
"1133","کردکوی","24","337","921","2704011179","1179"
"1134","کرسف","14","155","781","1903032832","2832"
"1135","کرفس","30","180","386","1310012870","2870"
"1136","کرکوند","4","386","615","1017012448","2448"
"1137","کرمان","21","338","887","0808051346","1346"
"1142","کرمانشاه","22","339","911","0502041258","1258"
"1151","کرند","22","176","905","0513021255","1255"
"1152","کره ای","17","245","836","0732012557","2557"
"1153","کشاورز","2","271","487","0411022407","2407"
"1154","کشکسرای","1","391","649","0307022143","2143"
"1155","کشکوییه","21","214","488","0804032319","2319"
"1156","کلات","11","340","738","0928021391","1391"
"1157","کلاته","15","177","788","2001022759","2759"
"1158","کلاته خیج","15","270","87","2003012160","2160"
"1159","کلاچای","25","219","492","0107051138","1138"
"1160","کلارآباد","27","292","493","0224031165","1165"
"1161","کلاردشت","27","341","970","0228011191","1191"
"1162","کلاله","24","342","922","2709021185","1185"
"1163","کلمه","7","185","106","1803052619","2619"
"1164","کلوانق","1","439","652","0316022333","2333"
"1165","کلور","3","162","385","2403032165","2165"
"1166","کلیبر","1","343","647","0315021199","1199"
"1167","کلیشادوسودرجان","4","310","611","1008021420","1420"
"1168","کمال شهر","5","336","623","3001012272","2272"
"1169","کمشچه","4","68","213","1022012571","2571"
"1170","کمه","4","257","122","1005012443","2443"
"1171","کمیجان","28","344","987","0011011102","1102"
"1172","کنارتخته","17","331","501","0710022181","2181"
"1173","کنارک","16","345","810","1109021447","1447"
"1174","کندر","11","163","395","0929012656","2656"
"1175","کنگ","29","84","993","2203051570","1570"
"1176","کنگاور","22","347","912","0507011267","1267"
"1177","کوار","17","348","844","0728011307","1307"
"1178","کوپن","17","210","361","0726012777","2777"
"1179","کوت سیدنعیم","13","184","766","0609022795","2795"
"1180","کوت عبداله","13","330","772","0627012790","2790"
"1181","کوچصفهان","25","211","503","0105031127","1127"
"1182","کوراییم","3","431","505","2409022636","2636"
"1183","کوزران","22","339","507","0502072412","2412"
"1184","کوزه کنان","1","273","645","0314022544","2544"
"1185","کوشک","4","166","602","1003012188","2188"
"1186","کوشکنار","29","104","508","2211012004","2004"
"1187","کومله","25","380","509","0110031144","1144"
"1188","کوهبنان","21","351","889","0814021336","1336"
"1189","کوهپایه","4","37","510","1002021403","1403"
"1190","کوهدشت","26","352","954","1506031495","1495"
"1191","کوهسار","5","235","203","3002032630","2630"
"1192","کوهستک","29","266","95","2212012815","2815"
"1193","کوهنانی","26","352","515","1506042364","2364"
"1194","کوهنجان","17","251","516","0725012710","2710"
"1195","کوهی خیل","27","135","554","0221012397","2397"
"1196","کوهیچ","29","74","990","2209022960","2960"
"1197","کوهین","18","322","517","2603072579","2579"
"1198","کهریزسنگ","4","419","617","1014022570","2570"
"1199","کهریزک","8","221","519","2303032488","2488"
"1200","کهک","19","327","520","2501042275","2275"
"1201","کهن آباد","15","6","521","2006022768","2768"
"1202","کهنوج","21","356","888","0809041347","1347"
"1203","کیاسر","27","233","210","0207012170","2170"
"1204","کیاشهر","25","10","522","0102011118","1118"
"1205","کیاکلا","27","267","966","0226011177","1177"
"1206","کیان","9","281","701","1402022123","2123"
"1207","کیانشهر","21","351","424","0814012110","2110"
"1208","کیش","29","84","523","2203032193","2193"
"1209","کیلان","8","191","687","2302021580","1580"
"1210","گالیکش","24","358","923","2714011187","1187"
"1211","گتاب","27","55","527","0202062587","2587"
"1212","گتوند","13","359","773","0620021289","1289"
"1213","گتیج","16","311","528","1119022913","2913"
"1214","گراب","26","352","422","1506022257","2257"
"1215","گراب سفلی","23","90","567","1701042478","2478"
"1216","گراش","17","361","846","0727011319","1319"
"1217","گرگاب","4","272","607","1016031597","1597"
"1218","گرگان","24","362","924","2705021181","1181"
"1222","گرماب","14","155","41","1903012260","2260"
"1223","گرمدره","5","336","623","3001012635","2635"
"1224","گرمسار","15","363","791","2004021550","1550"
"1225","گرمه","12","364","750","2807012054","2054"
"1226","گرمی","3","365","591","2405041232","1232"
"1227","گروک","29","266","999","2212022724","2724"
"1228","گزبرخوار","4","272","607","1016031402","1402"
"1229","گزنک","27","14","559","0201012388","2388"
"1230","گزیک","10","181","533","2902022725","2725"
"1231","گشت","16","240","805","1106042048","2048"
"1232","گل تپه","30","335","534","1305012469","2469"
"1233","گلباف","21","338","535","0808031342","1342"
"1234","گلبهار","11","148","536","0918012854","2854"
"1235","گلپایگان","4","366","613","1011011426","1426"
"1236","گلدشت","4","419","617","1014022122","2122"
"1237","گلزار","21","70","538","0810032241","2241"
"1238","گلسار","5","235","620","3002012026","2026"
"1239","گلستان","8","94","539","2319012278","2278"
"1240","گلشن","4","194","605","1021012093","2093"
"1241","گلشهر","4","366","613","1011012511","2511"
"1242","گلگیر","13","394","541","0613042793","2793"
"1243","گلمکان","11","148","536","0918012068","2068"
"1244","گلمورتی","16","189","800","1112012451","2451"
"1245","گلوگاه","27","55","99","0202032390","2390"
"1246","گلوگاه","27","367","971","0222021157","1157"
"1247","گله دار","17","406","542","0721012425","2425"
"1248","گلیداغ","24","390","543","2712022885","2885"
"1249","گمیش تپه","24","368","925","2713011155","1155"
"1250","گناباد","11","369","740","0915021385","1385"
"1251","گنبدکاووس","24","371","926","2706041186","1186"
"1252","گنبکی","21","222","545","0817012822","2822"
"1253","گندمان","9","72","546","1401022152","2152"
"1254","گوجان","9","297","702","1403022805","2805"
"1255","گودین","22","347","912","0507012834","2834"
"1256","گوراب زرمیخ","25","287","1049","0108032328","2328"
"1257","گوریه","13","277","396","0612032714","2714"
"1258","گوگ تپه","2","404","670","0407022869","2869"
"1259","گوگان","1","5","548","0321011202","1202"
"1260","گوگد","4","366","613","1011011427","1427"
"1261","گوهران","29","75","549","2213022062","2062"
"1262","گهرو","9","357","704","1407012358","2358"
"1263","گهواره","22","176","552","0513012409","2409"
"1264","گیان","30","428","553","1303042660","2660"
"1265","گیلانغرب","22","372","913","0508011268","1268"
"1266","گیوی","3","349","590","2407011218","1218"
"1267","لاجان","2","111","556","0402022546","2546"
"1268","لار","17","373","847","0711041320","1320"
"1269","لاریجان","1","154","531","0326022945","2945"
"1270","لالجین","30","93","561","1307011472","1472"
"1271","لاله زار","21","70","563","0810022065","2065"
"1272","لالی","13","374","774","0617012104","2104"
"1273","لامرد","17","375","848","0715011318","1318"
"1274","لاهرود","3","395","1027","2404032301","2301"
"1275","لاهیجان","25","376","942","0111021147","1147"
"1276","لای بید","4","272","1052","1016021598","1598"
"1277","لپویی","17","226","833","0730012421","2421"
"1278","لردگان","9","377","705","1404021487","1487"
"1279","لشت نشاء","25","211","564","0105041128","1128"
"1280","لطف آباد","11","179","565","0907021364","1364"
"1281","لطیفی","17","373","847","0711042013","2013"
"1282","لمزان","29","84","1040","2203062813","2813"
"1283","لنده","23","379","899","1708012129","2129"
"1284","لنگرود","25","380","943","0110011145","1145"
"1285","لواسان","8","275","566","2304021583","1583"
"1286","لوجلی","12","284","340","2804012435","2435"
"1287","لوشان","25","217","935","0106031131","1131"
"1288","لولمان","25","211","503","0105032075","2075"
"1289","لومار","6","265","632","1609012155","2155"
"1290","لوندویل","25","9","568","0101022583","2583"
"1291","لیردف","29","130","570","2206032872","2872"
"1292","لیسار","25","291","485","0104042381","2381"
"1293","لیکک","23","97","893","1705022368","2368"
"1294","لیلان","1","399","571","0320012296","2296"
"1295","مادرسلیمان","17","105","126","0723022783","2783"
"1296","مادوان","23","90","894","1701032023","2023"
"1297","مارگون","23","381","900","1709012477","2477"
"1298","ماژین","6","182","572","1602042849","2849"
"1299","ماسال","25","382","944","0116021123","1123"
"1300","ماسوله","25","312","343","0109031143","1143"
"1301","ماکلوان","25","312","343","0109032804","2804"
"1302","ماکو","2","383","669","0406041246","1246"
"1303","مال خلیفه","9","377","441","1404012472","2472"
"1304","مامونیه","28","228","983","0010021109","1109"
"1305","ماه نشان","14","385","786","1909022207","2207"
"1306","ماهان","21","338","574","0808041344","1344"
"1307","ماهدشت","5","336","623","3001012118","2118"
"1308","مبارک آباددیز","17","329","842","0720022012","2012"
"1309","مبارک شهر","1","399","650","0320022844","2844"
"1310","مبارکه","4","386","615","1017011428","1428"
"1311","مجلسی","4","386","615","1017011599","1599"
"1312","مجن","15","270","87","2003011546","1546"
"1313","محلات","28","387","988","009011115","1115"
"1314","محمدآباد","4","37","160","1002012247","2247"
"1315","محمدآباد","16","437","815","1116012354","2354"
"1316","محمدآباد","21","222","879","0817022316","2316"
"1317","محمدان","16","78","795","1120012049","2049"
"1318","محمدشهر","5","336","623","3001012273","2273"
"1319","محمدشهر","10","172","708","2910012019","2019"
"1320","محمدی","16","240","805","1106042047","2047"
"1321","محمدیار","2","423","577","0409031253","1253"
"1322","محمدیه","18","40","578","2605012218","2218"
"1323","محمله","17","167","579","0724012907","2907"
"1324","محمودآباد","2","271","667","0411012591","2591"
"1325","محمودآباد","27","388","972","0218021150","1150"
"1326","محمودآبادنمونه","18","322","858","2603052375","2375"
"1327","محی آباد","21","338","574","0808042321","2321"
"1328","مرادلو","3","395","580","2404042723","2723"
"1329","مراغه","1","389","648","0306021223","1223"
"1332","مراوه","24","390","927","2712012498","2498"
"1333","مرجقل","25","287","149","0108012140","2140"
"1334","مردهک","21","296","159","0812032602","2602"
"1335","مرزن آباد","27","142","583","0220031192","1192"
"1336","مرزیکلا","27","55","61","0202042391","2391"
"1337","مرگنلر","2","278","453","0417012736","2736"
"1338","مرند","1","391","649","0307021228","1228"
"1339","مرودشت","17","392","849","0712041324","1324"
"1340","مروست","31","151","1022","2109021557","1557"
"1341","مریانج","30","443","1011","1304071474","1474"
"1342","مریوان","20","393","869","1206031463","1463"
"1343","مزایجان","17","87","1023","0716032780","2780"
"1344","مزدآوند","11","246","582","0920012607","2607"
"1345","مزرعه","24","295","920","2703012836","2836"
"1346","مس سرچشمه","21","214","877","0804022227","2227"
"1347","مسجدسلیمان","13","394","775","0613031291","1291"
"1350","مشراگه","13","204","1024","0619022719","2719"
"1351","مشکات","4","332","612","1010032657","2657"
"1352","مشکان","11","173","1025","0938022902","2902"
"1353","مشکان","17","430","130","0714022556","2556"
"1354","مشکین دشت","5","304","1026","3006022271","2271"
"1355","مشگین شهر","3","395","592","2404021229","1229"
"1356","مشهد","11","396","741","0916051392","1392"
"1358","مشهد ثامن","11","396","741","0916052526","2526"
"1370","مشهدریزه","11","114","1046","0904032654","2654"
"1371","مصیری","17","210","832","0726022337","2337"
"1372","معزابادجابری","17","156","827","0729022962","2962"
"1373","معلم کلایه","18","322","288","2603022494","2494"
"1374","معمولان","26","109","1030","1508022366","2366"
"1375","مغان سر","3","103","138","2406032029","2029"
"1376","مقاومت","13","160","764","0607012334","2334"
"1377","ملاثانی","13","63","760","0624012106","2106"
"1378","ملارد","8","397","694","2317012217","2217"
"1379","ملایر","30","398","1009","1302031467","1467"
"1380","ملک آباد","11","396","16","0916012437","2437"
"1381","ملکان","1","399","650","0320021224","1224"
"1382","ممقان","1","5","1031","0321021203","1203"
"1383","منتظران","13","183","765","0608022967","2967"
"1384","منج","9","377","1032","1404042731","2731"
"1385","منجیل","25","217","935","0106031133","1133"
"1386","منصوریه","13","95","762","0606032797","2797"
"1387","منظریه","4","280","608","1009022446","2446"
"1388","منوجان","21","402","890","0813012240","2240"
"1389","موچش","20","334","1034","1208022466","2466"
"1390","مود","10","243","1035","2903022642","2642"
"1391","مورموری","6","3","489","1606012616","2616"
"1392","موسیان","6","196","1037","1603031506","1506"
"1393","مومن آباد","26","27","153","1507012365","2365"
"1394","مهاباد","4","21","1039","1001032214","2214"
"1395","مهاباد","2","404","670","0407021248","1248"
"1396","مهاجران","28","269","307","007032032","2032"
"1397","مهاجران","30","93","561","1307012757","2757"
"1398","مهدی شهر","15","405","792","2005021544","1544"
"1399","مهر","6","400","529","1608022745","2745"
"1400","مهر","17","406","851","0721022211","2211"
"1401","مهران","6","407","634","1605031510","1510"
"1402","مهربان","1","239","1041","0305021216","1216"
"1403","مهردشت","31","16","109","2107012372","2372"
"1404","مهرستان","16","408","811","1113012355","2355"
"1405","مهریز","31","409","1019","2104011558","1558"
"1406","میامی","15","410","793","2007012162","2162"
"1407","میان راهان","22","286","273","0510012414","2414"
"1408","میاندوآب","2","411","671","0408031251","1251"
"1409","میانرود","13","183","765","0608022419","2419"
"1410","میانشهر","17","309","404","0708022829","2829"
"1411","میانکوه","13","43","752","0616022969","2969"
"1412","میانه","1","413","651","0310041233","1233"
"1413","میبد","31","414","1020","2106011552","1552"
"1414","میداود","13","59","1048","0615042720","2720"
"1415","میرآباد","2","248","1083","0404022406","2406"
"1416","میرآباد","22","128","316","0512032977","2977"
"1417","میرجاوه","16","415","812","1117011452","1452"
"1418","میلاجرد","28","344","1050","0011022379","2379"
"1419","میمند","17","314","1051","0709041314","1314"
"1420","میمه","4","272","1052","1016021408","1408"
"1421","میمه","6","196","337","1603041504","1504"
"1422","میناب","29","416","1001","2205031575","1575"
"1423","مینودشت","24","417","928","2707041188","1188"
"1424","مینوشهر","13","160","1054","0607022312","2312"
"1425","نازک علیا","2","110","22","0415012733","2733"
"1426","ناغان","9","357","1058","1407022154","2154"
"1427","نافچ","9","281","701","1402022471","2471"
"1428","نالوس","2","36","1059","0413022408","2408"
"1429","نایین","4","418","616","1013031435","1435"
"1430","نجف آباد","4","419","617","1014021440","1440"
"1431","نجف شهر","21","264","881","0806012340","2340"
"1432","نخل تقی","7","294","680","1810012622","2622"
"1433","ندوشن","31","414","1060","2106022322","2322"
"1434","نراق","28","190","982","005011107","1107"
"1435","نرجه","18","113","857","2602042639","2639"
"1436","نرماشیر","21","420","891","0821012338","2338"
"1437","نسیم شهر","8","94","104","2319022208","2208"
"1438","نشتارود","27","123","1062","0205031166","1166"
"1439","نشتیفان","11","169","725","0919022565","2565"
"1440","نصرآباد","4","37","160","1002012512","2512"
"1441","نصرآباد","11","116","1063","0906032342","2342"
"1442","نصرت آباد","16","225","1064","1105032454","2454"
"1443","نصیرشهر","8","208","688","2312022666","2666"
"1444","نطنز","4","421","618","1015011442","1442"
"1445","نظام شهر","21","420","287","0821022598","2598"
"1446","نظرآباد","5","422","624","3003011586","1586"
"1447","نظرکهریزی","1","440","1065","0311032590","2590"
"1448","نقاب","11","136","722","0936012184","2184"
"1449","نقده","2","423","672","0409021254","1254"
"1450","نقنه","9","72","697","1401032706","2706"
"1451","نکا","27","424","974","0219011160","1160"
"1452","نگار","21","70","1066","0810042326","2326"
"1453","نگور","16","187","799","1122011444","1444"
"1454","نگین شهر","24","8","915","2710022640","2640"
"1455","نلاس","2","248","1083","0404022922","2922"
"1456","نمین","3","425","593","2408021197","1197"
"1457","نوبران","28","236","1070","006042137","2137"
"1458","نوبندگان","17","309","1071","0708042652","2652"
"1459","نوجین","17","301","839","0722012060","2060"
"1460","نوخندان","11","179","1072","0907041366","1366"
"1461","نودان","17","350","514","0733022424","2424"
"1462","نودژ","21","402","9","0813022604","2604"
"1463","نودشه","22","107","1074","0503031262","1262"
"1464","نوده خاندوز","24","8","195","2710012581","2581"
"1465","نور","27","426","975","0214031189","1189"
"1466","نورآباد","17","401","850","0713031325","1325"
"1467","نورآباد","26","188","950","1504021494","1494"
"1468","نوربهار","14","155","781","1903032833","2833"
"1469","نوسود","22","107","1074","0503031263","1263"
"1470","نوش آباد","4","7","597","1018022505","2505"
"1471","نوشهر","27","427","976","0215041194","1194"
"1472","نوشین","2","26","1056","0401052151","2151"
"1473","نوک آباد","16","120","796","1121012452","2452"
"1474","نوکنده","24","83","1076","2701022194","2194"
"1475","نهاوند","30","428","1010","1303021468","1468"
"1476","نهبندان","10","429","714","2905021356","1356"
"1477","نی ریز","17","430","852","0714031326","1326"
"1478","نیاسر","4","332","1077","1010042302","2302"
"1479","نیر","3","431","594","2409011198","1198"
"1480","نیر","31","119","1078","2103031556","1556"
"1481","نیشابور","11","432","743","0917041394","1394"
"1484","نیک آباد","4","37","160","1002012186","2186"
"1485","نیک پی","14","230","317","1904022764","2764"
"1486","نیک شهر","16","433","813","1107051448","1448"
"1487","نیل شهر","11","116","103","0906042655","2655"
"1488","نیمبلوک","10","318","1080","2904032646","2646"
"1489","نیمور","28","387","988","009011116","1116"
"1490","واجارگاه","25","219","492","0107051139","1139"
"1491","وایقان","1","273","645","0314022149","2149"
"1492","وحدتیه","7","185","351","1803012482","2482"
"1493","وحیدیه","8","282","182","2309032293","2293"
"1494","ورامین","8","435","695","2306031594","1594"
"1495","وراوی","17","406","1081","0721032559","2559"
"1496","وردنجان","9","79","698","1409012732","2732"
"1497","ورزقان","1","436","655","0324022142","2142"
"1498","ورزنه","4","37","96","1002051404","1404"
"1499","ورنامخواست","4","378","614","1012032112","2112"
"1500","وزوان","4","272","1052","1016021409","1409"
"1501","ونایی","26","71","37","1502012971","2971"
"1502","ونک","4","257","606","1005022351","2351"
"1503","ویس","13","63","1085","0624022309","2309"
"1504","ویسیان","26","147","1086","1510032362","2362"
"1505","هادی شهر","27","56","291","0216042394","2394"
"1506","هادیشهر","1","132","641","0319021226","1226"
"1507","هارونی","9","281","558","1402052838","2838"
"1508","هجدک","21","207","513","0811012599","2599"
"1509","هچیرود","27","142","961","0220022748","2748"
"1510","هرات","31","151","1018","2109011559","1559"
"1511","هرسین","22","438","914","0511021259","1259"
"1512","هرمز","29","82","1088","2202071572","1572"
"1513","هرند","4","37","168","1002061405","1405"
"1514","هریس","1","439","652","0316021217","1217"
"1515","هزارکانیان","20","199","327","1207032925","2925"
"1516","هشتبندی","29","416","148","2205042003","2003"
"1517","هشتپر (تالش)","25","291","940","0104031124","1124"
"1518","هشتجین","3","162","246","2403012164","2164"
"1519","هشترود","1","440","653","0311021234","1234"
"1520","هشتگرد","5","235","620","3002011587","1587"
"1521","هفت چشمه","26","188","472","1504012727","2727"
"1522","هفتگل","13","441","776","0622021292","1292"
"1523","هفشجان","9","281","701","1402021484","1484"
"1524","هلشی","22","339","448","0502032410","2410"
"1525","هماشهر","17","238","1091","0706032711","2711"
"1526","هماشهر","21","264","125","0806022722","2722"
"1527","همت آباد","11","316","420","0933022066","2066"
"1528","همدان","30","443","1011","1304071475","1475"
"1533","هندودر","28","269","339","007022380","2380"
"1534","هندیجان","13","444","777","0618011277","1277"
"1535","هنزا","21","200","1093","0818022771","2771"
"1536","هنگوییه","29","74","176","2209012959","2959"
"1537","هوراند","1","445","654","0327012294","2294"
"1538","هوره","9","234","309","1408022918","2918"
"1539","هویزه","13","446","778","0623021285","1285"
"1540","هیدج","14","18","779","1901031531","1531"
"1541","هیدوچ","16","263","1094","1114022613","2613"
"1542","هیر","3","20","1095","2401042299","2299"
"1543","یاسوج","23","90","894","1701031512","1512"
"1544","یاسوکند","20","98","480","1202022190","2190"
"1545","یامچی","1","391","1096","0307032400","2400"
"1546","یان چشمه","9","79","406","1409022919","2919"
"1547","یزد","31","448","1021","2105031562","1562"
"1551","یزدان شهر","21","227","1098","0805032601","2601"
"1552","یکه سعود","12","201","162","2808032943","2943"
"1553","یولاگلدی","2","278","668","0417022899","2899"
"1554","یونسی","11","64","1099","0931022610","2610"
