city_id,lat,lon
1,36.9258587,48.953276
2,29.367930216,51.066458625
3,29.0246495,51.2523566
4,30.3636097,48.2591475
8,31.1627056,52.6490454
9,29.8078337,53.7268534
10,28.0811819,51.7703454
11,32.9901681,47.4221887
12,32.0673857,49.4605989654322
13,35.6231852,52.1528132
14,39.0431974,47.3169755
15,35.7620424,51.9628205
16,35.7572894,49.2849077
17,38.281799327,48.552855778
18,33.6930308,59.9611473
19,36.0416927,50.5320519
20,34.7357024,47.9266027
21,37.7576638,45.9781014
22,35.2478246,52.4928417
23,38.138569048,48.421704203
24,34.0584233,51.4835403
25,35.931781,45.7966561
26,33.3319207,59.2333976
27,37.0875125,55.1725639
28,32.399082876,48.24794784
29,36.036872,51.1954666
30,38.4193239,48.8715278
31,33.8855889,49.3521739
32,37.2607374,49.9456642
33,33.8619245,46.4518435
34,26.6791794,61.6711329
35,34.5216784,50.0018687
36,37.5603754,56.922995
37,30.6995647,49.8285336
38,37.0134841,54.4576664
39,37.2575571,48.0648621
40,36.066319,52.8366338
41,31.5528467,51.0576007
42,36.4718947,52.3499009
43,37.478045855,56.736721441
44,39.3301839,44.1538901
45,35.5787119,49.2235559
46,34.7925793,50.4224038
47,33.8862967,58.3810693
48,31.1324814,53.2803103
49,32.5697615,51.5712769
50,31.5293321,48.2200324
51,33.907921011,51.765846095
52,25.8859402,55.0313241
53,36.1453765,49.2130055
54,37.3954214,47.7951473
55,35.6351854,51.2124467
56,32.3577003,53.9922234
57,35.116414932,60.693619347
58,37.136553774,49.366132123
59,30.3276538,56.9247177
60,31.1159553,61.4082693
61,34.0862719,49.6893884
67,38.483672,45.7172541
68,35.8154903,52.5141334
69,27.7293279,53.6246366
70,36.05326366,49.826518053
71,38.2515581,48.2972269
77,33.563597987,52.542695561
78,32.3063333,54.0159678
79,32.3063333,54.0159678
80,31.997682,50.6609476
81,38.2002138,48.132401
82,28.4568592,56.3634502
83,33.7015379,57.3732972
84,29.914968,53.3089761
85,36.4949892,52.9568562
86,33.3846543,46.5973663
87,36.9773471,48.3731561
88,37.548341,45.0667111
94,29.9843073,48.5109871
95,34.8322142,45.8424966
96,33.4568272,49.4537204
97,34.504361,48.6909354
98,32.4400685,52.3789114
99,37.720567,48.9583895
100,26.8384487,60.1725848
101,29.1252321,54.0405113
102,34.7825885,48.1217832
103,32.9157088,60.0209676
104,33.6478435,59.7791575
105,37.0750975,57.5096169
106,35.9353304,49.7479887
107,37.9161035,46.1244787
108,34.109744855,46.531179824
109,38.1316296,47.9436261
110,34.560358333,48.988922761
114,35.5478513,51.2318676
115,34.044869,58.2196234
116,28.2159281,61.4740517
117,27.7254045,52.6648188
118,34.0166865,48.6426479
119,35.7234469,50.3670608
120,32.000526,54.2071804
121,27.2218581,53.6163045
122,37.0418235,45.0983499
123,32.6516875,51.4838278
124,32.6707877,51.6650002
140,39.4417175,47.4102145
141,37.1099647,50.1145061
142,28.3468462,52.9664812
143,33.0240732,50.0929526
144,36.2305623,49.9248188
145,30.8925778,52.688496
146,33.8627885,48.2619601
147,38.439891,47.7302924
148,31.8750982,48.3388672
149,36.1865866,50.064134
150,31.6572507,48.5934229
151,33.4035124,49.6921874
152,29.8407369,50.2645174
153,28.4467257,53.1528552
154,36.410150972,52.305298061
155,37.0961905,50.1844452
156,30.7568821,49.7017752
157,36.6001749,52.6625614
158,36.0268156,54.1405503
159,30.8419668,55.3413062
160,35.2518801,57.8097031
161,30.8723337,55.2716302
162,28.0322242,52.0649913
163,33.3104146,53.6981497
164,37.134978149,54.618881169
165,30.2315368,57.751371
166,35.7052413,51.0296232
167,32.458325,48.3521137
168,35.2526,46.2624
169,27.7625325,54.0051497
170,38.4774934,47.0662215
171,28.8830282,51.2742019
172,27.2112114,53.6588384
173,31.3230637,48.67932
182,29.0232949,54.246120778683704
183,31.8312152,49.8789867
184,27.2069903,60.6882515
185,31.5158438,52.1247911
186,36.5987867,52.135172
187,33.6379365,46.4202743
188,37.9389278,45.9800159
189,32.4838892,51.45244
190,37.4553436,54.7183338
191,33.8282411,46.3096374
192,35.3441899,52.069922
193,38.7139034,45.206595
194,36.9696847,56.2592355
195,28.9670095,53.2127701
196,32.3276473,50.4743756
197,35.6794083,47.7985162
198,30.0724542,51.2059662
199,36.453043326,52.456091286
200,36.5452581,52.6846571
203,36.7008777,52.6481047
204,37.6219339,58.4182686
205,34.9941781,60.3148224
206,33.6916541,52.0076895
207,28.3963734,51.5007714
208,36.4897198,58.7161898
209,36.9546339,46.3247366
210,37.407365071,49.121159963
211,39.3886668,44.3876859
212,32.2113375,50.0330676
213,37.9955619,46.4749113
214,30.3610498,51.1575225
215,32.3762181,51.1890059
216,31.5247494,49.8868966
217,35.635564,51.1346204
218,32.379616167,51.231907699
219,30.187107,56.8176548
220,29.2356229,56.6059046
221,32.8398145,53.1410352
222,31.5997065,55.3966892
223,35.5338489,51.4053842
224,29.2869221,51.9394109
225,27.2101162,57.3503066
226,34.969993515,46.360530855
227,35.9946631,45.8843225
228,35.375808427,59.038380315
229,34.9813,46.2709
230,34.5163087,58.1834619
231,37.4759752,57.3319881
234,31.3074404,54.0857719
235,38.131648,46.9471214
236,33.314364829,47.025534729
237,29.2661428,51.2120597
238,28.0623996,51.4771795
239,27.874025,51.9596196
240,35.2611338,57.9685311
241,29.9283973,56.5717384
242,35.7318849,46.3424728
243,33.7828104,51.2252965
244,34.2128467,48.2600728
245,33.003306102,50.195884388
246,29.0661863,58.404499
247,33.8943281,48.7560936
250,31.9719093,51.291596
251,36.7791256,49.752007
252,27.850547,60.1736164
253,29.2513403,56.6995331
254,31.7215101,47.9867165
255,37.8429496,46.8339774
256,27.1977195,54.362564
257,36.4828385,55.0010241
258,33.8662098,57.4253814
259,32.2779278,53.9939167
260,33.6669604,46.8043038
261,35.1406,47.321
262,31.9365711,51.0513348
263,36.202753,51.8089289
264,29.4183169,56.0478165
265,28.232769,57.5107436
266,29.743772634147962,57.59460674296557
267,27.1941781,60.4554816
268,32.5422671,50.7453326
269,38.428347,45.9086682
270,38.426932718,45.905890785
271,28.0832919,54.0467988
272,26.290834,59.5237216
273,31.0428989,61.5682749
274,30.559025159,49.049520633
275,37.4716356,49.4685904
278,36.89326035,54.075168571357096
279,25.660567761,57.79754534
280,27.841470322,51.93478435
281,30.0529363,50.162503
282,29.4875457,50.6295575
283,27.1793466,56.2781423
287,27.839172768,52.06558355
288,36.7719958,53.9481369
289,29.582017703,50.52604342
290,26.840042407,54.598444957
291,30.518012427,49.211459622
292,27.0666565,56.9780083
293,27.8720312,52.0270259
294,30.4738825,53.6228281
295,32.6685889,51.7268041
296,28.8303842,51.6986659
297,28.9310786,50.8458443
300,36.5215096,46.2111837
301,35.7285207,51.864313
302,35.7679957,50.0579667
303,35.9383195,45.9348089
304,33.0805194,50.1598427
305,31.876794,56.0191037
306,34.9078226,48.4393612
307,32.515486,51.5417638
308,32.53595612847668,51.71960715137674
309,32.53595612847668,51.71960715137674
310,30.5942116,50.2434119
311,30.9034647,55.7289235
312,36.6912955,53.5432769
313,36.14617,58.8099054
314,36.6702899,52.7620524
315,36.0790243,55.8098841
316,35.8721066,47.600064
317,34.3463245,58.7573243
318,27.4809463,52.6688701
319,32.7611171,48.2373019
320,36.2299677,50.1234128
321,30.94875455,51.65396835875248
322,33.6485949,48.5597292
323,32.8633961,59.2177294
326,27.4298807,53.5141478
327,34.3995692,47.4448343
328,30.008388,52.3584413
329,27.3554883,57.1799223
330,39.3779114,48.3499706
331,30.9556435,51.2676802
332,39.6461735,47.918551
333,27.2082174,53.0351431
334,26.3705451,61.2897094
335,29.8735063,55.7493447
336,35.4784573,51.6824624
337,35.0458307,46.3622191
338,36.4284939,53.1350757
339,32.2537092,50.5976127
340,35.698948329,51.791764612
341,35.463781679,50.977343595
342,35.3617104,50.6796099
343,37.6026842,49.0656917
344,27.013147282,55.745719223
345,36.1169618,53.0574831
346,25.5967262,61.1018603
347,33.1524187,47.7117493
348,39.34933,45.0699185
349,35.734447809,50.622654316
350,36.3947555,51.5948604
351,33.0119112,46.8815641
352,36.7003004,45.140092
353,32.468331,51.5595521
354,35.7712317,48.1189416
355,37.6502286,57.0018995
356,35.3082413,51.719016
357,26.0802335,61.7515585
358,37.100083643,55.061370392
359,33.8648,46.8181
360,38.1751182,44.6915009
361,39.045299,47.7448756
362,36.6102037,47.2176854
363,27.2914701,56.153588
364,36.0992978,49.7316335
365,34.7401763,60.7755127
366,38.0738612,46.2978789
377,35.804937,51.4409634
378,27.5012479,56.6361561
379,35.2432546,60.626313
380,35.2740853,59.2194494
381,37.6162908,47.7709614
382,32.2441851,48.8464607
383,37.5816929,47.3911101
384,38.3168836,45.3590459
385,30.8259721,50.2026843
386,31.752049,54.217422
387,34.6927402,50.0146963
388,36.4007658,47.1117125
389,34.7136491,49.6485903
390,36.8154324,50.8787003
391,35.8906652,50.6156142
392,29.1544748,51.5293588
393,36.048445229,47.824160381
394,36.8928479,49.5276938
395,33.728139,47.0678839
396,32.716725287,52.665280446
397,34.0444771,49.2886966
398,34.5478858,48.4478184
399,35.6892523,51.3896004
422,37.2811331,58.2884947
423,32.7039199,51.1530853
424,27.3396747,56.9567463
425,37.7257203,46.9375589
426,37.8054805,45.8995042
427,38.3565743,48.1356863
428,36.9499996,56.3792939
429,27.6033419,62.7097131
430,34.2576054,49.3260118
431,30.8751924,49.853429
432,28.8001942,57.95801921172211
433,30.8906555,61.5700387
434,33.5044771,46.5394979
435,33.5044771,46.5394979
436,34.7747682,50.5164348
437,36.6387676,57.0741901
438,38.9376054,45.6252101
439,36.851687404,54.53601375
440,27.8262811,52.3263597
441,27.0173998,54.2839961
442,28.6548665,54.6837567
443,32.1836847,48.8146563
444,34.0422837,54.4150165
445,34.7033333,59.2227778
446,35.090277799999996,51.744151864790126
447,31.0130952,55.5608734
448,37.4969626,45.9735062
449,34.86174285,46.325231354456236
450,30.0602871,57.1107791
451,34.8856081,48.55631
452,32.5566297,51.3714526
453,30.5167659,55.0329444
454,33.5908206,51.212541
455,34.4322536,48.6862474
456,30.8202978,49.8869493
457,32.1516564,50.6856466
458,36.6400238,52.9100038
459,28.2530797,53.9832764
460,28.5014092,53.5695867
461,28.6697367,57.7373382
462,36.7021301,49.7957151
463,36.9743391,50.57079
464,37.3514931,59.0774864
465,32.7679417,50.6290648
466,26.7318351,54.2791108
467,37.2297183,50.2531785
468,33.6652163,48.9070691
469,36.6506329,51.4223717
470,25.2935488,60.6469115
471,27.284255573,58.263722321
472,27.3659188,52.7887089
473,27.430575525,53.439246276
474,30.6012065,56.9087704
475,35.2716667,59.8319444
476,30.750813,50.7419101
477,32.3333972,51.1898097
478,33.2731901,47.160993
479,28.9880011,51.0357975
480,32.209337,48.5462613
481,33.6662695,48.5189312
482,36.8179746,58.5035404
483,27.1147038,62.1341956
484,32.4682525,50.1222437
485,32.2305757,50.6284832
486,33.704963641,47.792317066
487,32.4448307,48.4418611
488,30.710113419,49.172350409
489,36.4773762,52.1167325
490,32.393093,51.338919
491,33.6652163,48.9070691
492,36.6483961,59.1185005
493,37.3996434,57.53965
494,36.1443,46.572
495,33.6967187,46.2967631
496,38.1795115,48.892019
497,36.9982345,48.7776206
498,30.1818106,48.5825118
499,35.826913879,50.768790348
500,37.1250023,45.9772001
501,35.6067482,51.3100612
502,30.7942097,51.327525
503,32.8830414,59.157697
504,32.8830414,59.157697
505,32.8830414,59.157697
506,38.8660061,45.0937168
507,32.8276538,51.7757315
508,32.1451617,48.3902049
509,29.9693659,53.87376
510,33.3782113,50.0589311
511,33.3782113,50.0589311
512,33.3782113,50.0589311
513,36.2169,47.3307
514,32.6826625,48.247497
515,37.5160652,57.4850517
516,36.628746578,57.597851396
517,36.2952608,48.0595228
518,32.396777842,48.584397715
519,31.8254158,54.3936551
520,31.4808215,48.4353791
521,33.9376399,46.7736717
522,31.1971774,51.7245141
523,38.1479478,48.8945515
524,30.0077147,55.4204993
525,29.245223,50.3117014
526,38.6851329,46.1697582
527,28.2203911,61.2137052
528,36.1285497,50.1758838
529,33.704055483,51.978954291
530,38.1934507,45.6298023
531,37.0125489,54.985773
532,30.7174008,56.77589
533,29.6717432,52.15202
534,30.349757989,52.243588461
535,28.937829,53.3147706
536,37.3127515,46.5310312
537,29.498294,53.3122486
538,33.4842109,48.3538276
539,33.4842109,48.3538276
543,36.20354,49.1881871
544,35.9294793,49.5117431
545,30.4333105,48.1779858
546,36.1442815,59.0158029
547,37.9513096,46.0509259
548,29.5679441,51.3395311
549,37.3742058,49.7581583
550,35.399491,50.3345777
551,31.8660363,53.9524198
552,34.0216542,58.8140837
553,37.6192217,48.5278144
554,36.5076009,45.7966787
555,35.2545313,58.2863427
556,36.7013487,53.6402049
557,39.1584011,47.0326209
558,37.3904902,49.6607472
559,26.9519276,55.5854804
560,33.6446965,50.0801376
561,32.6938201,51.5254892
562,30.6326669,48.6331848
563,27.8899259,53.4367822
564,34.7562927,49.5320125
565,34.3933112,49.1840004
566,29.272045214,55.833906728
567,38.1529122,46.5827856
568,34.5723166,60.1440373
569,33.22692,50.3146044
570,33.7761331,55.0828304
571,33.7761331,55.0828304
572,32.781977049999995,51.644269043456376
573,30.1558292,55.0863353
574,28.6543108,51.3758834
575,27.4480198,52.9723728
576,32.7796665,58.8928449
577,36.371499,52.565815
578,37.3093774,46.1389382
579,30.010505831,51.574948283
580,38.5504343,44.95354
581,37.0288889,57.3786111
582,36.4792745,52.4496747
583,28.753194,54.548149
584,32.9865555,50.4138667
585,30.7416962,48.4194934
586,38.2190433,45.6297445
587,38.2190433,45.6297445
588,29.4307486,51.2925138
589,36.167451,54.3379993
590,33.0178599,50.4893488
591,35.811396,49.7420921
592,34.2922268,49.8553198
593,36.3512877,56.8762448
594,28.4064149,54.1884143
595,29.2331911,57.3371829
596,33.6904944,47.1502234
597,35.6539439,53.3379876
598,32.6122831,51.5574338
599,32.2887905,60.4901391
600,36.9745545,56.2158601
601,37.4470313,59.1064876
602,26.9674546,56.0778103
603,36.1386891,59.1162125
604,33.1385109,47.3753599
605,35.0641194,47.9661961
606,32.3780257,48.4032064
610,30.7231669,51.954873
611,34.5504237,50.2473376
612,32.8015531,51.6640173
613,32.0599837,50.7709668
614,32.1607711,50.4515108
615,29.90639471,56.662247844
616,29.351488850000003,50.88258348084476
617,35.2446523,47.9869563
618,33.4055827,46.594467
619,37.0355462,55.0492231
620,28.759643103,51.066639744
621,33.9880486,50.6862901
622,35.7179802,52.0681882
623,35.4431296,48.8234849
624,36.5541697,47.6207573
625,28.3071988,55.1923987
626,27.9471043,51.9598451
627,33.4992998,49.0529575
628,37.948976,47.119787
629,28.7017719,52.9536255
630,37.1252778,55.5777778
631,28.4292459,57.9423801
632,31.1427915,61.7909563
633,30.35695,50.7939174
634,33.6091519,52.2002763
635,33.6091519,52.2002763
636,27.6740222,61.0303887
637,32.4102723,51.6674027
638,27.692644783,57.524536192
639,31.9367339,51.6471146
640,27.4413347,57.1909085
641,30.6907903,54.8777097
642,31.707783,50.2885498
643,30.7923985,50.562923
644,28.4921165,52.3036835
645,33.1049536,50.9629781
646,27.855867545,54.419485422
647,35.280039,47.4189871
648,32.6914932,47.2674712
649,36.4282719,54.2294606
650,38.4614758,45.0252181
651,32.3829496,51.5128444
652,31.2969774,50.4022724
653,36.8884879,49.906745
654,35.9159662,47.0193315
655,33.2914689,57.5174149
656,29.2907749,56.914165
657,37.9338042,57.1113879
658,35.3312924,49.9556045
659,36.5411254,50.2117178
660,26.2368044,61.3987716
661,30.0755424,52.592567
662,36.9225518,50.6431897
663,30.8939518,49.4093497
664,31.2780254,49.6020152
665,37.0150484,55.1424163
666,37.0509408,50.2358103
667,31.327947242,57.1377497
668,29.5981294,57.4364877
669,34.2686793,46.8039666
670,35.5460635,59.1938079
671,35.4805558,51.0781568
672,36.2092112,45.5542469
673,37.0314749,50.326393
674,35.3884459,49.0344948
675,32.8349784,50.5673592
676,26.8873051,53.8620381
677,36.897394,49.4915717
678,36.6872269,53.4123632
679,37.2793607,49.5846102
685,34.9751301,59.6245967
686,32.7031948,51.104972
687,32.7031948,51.104972
688,36.2064831,59.7698334
689,38.6296398,48.0956519
690,30.402184,55.9941776
691,31.5962386,47.8919447
692,26.8266593,58.8056388
693,34.7161309,46.6508369
694,31.3679475,49.7238066
695,36.0213972,57.3114353
696,28.0339494,57.992084
697,28.0339494,57.992084
698,37.2548508,50.0039032
699,37.1381592,50.2927862
700,35.734772,51.9063798
701,36.3510635,55.0023106
702,29.1904364,53.7674276
703,36.3510635,55.0023106
704,27.4646306,55.4191063
705,35.6996635,51.39632055
706,34.470978552,45.987582591
707,30.735331943,56.725785038
708,28.0517466,52.0837191
709,28.7545948,61.6968575
710,35.8819792,52.1697254
711,36.79041381,57.108447575
712,35.4751589,58.4586724
713,31.0277779,61.4948211
714,31.9903361,54.2354245
715,32.6018472,51.497766
716,33.4999202,48.7059909
717,32.4039447,49.6886828
718,35.3830162,50.5644495
719,29.4928874,60.8503017
725,28.7484346,53.8041063
726,32.3880514,51.269889
727,38.8071305,44.5842985
728,38.8071305,44.5842985
729,29.774274,52.7215709
730,36.517242,52.5751129
731,30.8134822,56.5672432
732,37.3351718,47.6724879
733,33.928499,46.1826201
734,36.4284545,48.2816192
735,35.7565444,48.4811949
736,32.3887062,51.3737142
737,36.0602,47.1508
738,36.6700041,48.4795399
743,34.1552764,49.01032
744,30.4102939,56.9155312
745,30.4102939,56.9155312
746,38.5880287,45.8319818
747,33.4469079,52.4948886
748,33.4226757,59.8126423
749,39.0466407,48.2920973
750,30.4695635,49.684133
751,30.8932189,61.6827311
752,27.793355,58.5907532
753,32.5094459,51.9378864
754,37.4431601,57.8847592
755,27.7414567,57.2264015
756,32.3865574,51.5679359
757,29.6004426,55.5367771
758,36.179774495,52.972284983
759,26.1924584,60.5955394
760,34.4082114,49.5082074
761,36.5537458,53.0602761
765,32.4967988,48.8341935
766,32.4529354,50.9104233
767,34.2090147,48.704561
768,35.0196331,50.3652364
771,36.2134053,57.6808799
774,33.2183987,48.882817
775,36.2402834,48.5530842
776,,
777,34.8292983,59.8904134
778,32.3783604,51.3148844
779,37.9407851,47.5374867
780,32.898466,47.5728997
781,33.5636959,48.0225482
782,33.7675797,46.5654912
783,27.3651673,62.3390963
784,33.8625217,58.5231892
785,26.6321167,61.2570288
786,32.573805,59.795754
787,34.530904868,45.896806345
788,28.8827191,60.4054856
789,36.673128755,52.456295366
790,36.5399097,61.1564431
791,36.8924801,54.5690723
792,31.749786,50.5509398
793,35.4638851,53.2135038
794,32.017734312,48.792754945
795,38.0278895,46.1474327
796,36.1553184,45.4799637
797,36.1553184,45.4799637
798,36.1553184,45.4799637
799,36.1553184,45.4799637
800,38.1493746,48.0746208
801,30.803634581,50.847418619
802,34.6022187,48.4508805
803,27.944197966,56.657880939
804,34.0266,46.329
805,37.7269847,44.6423876
806,35.3123202,46.3659551
807,29.2721889,53.22157
808,35.2478257,47.778892
809,34.8126546,47.4612562
810,30.0797928,53.1358118
811,29.3848355,51.1166292
812,32.1313863,51.1827702
813,35.6579548,60.0949107
814,34.126299,51.3506189
815,36.2427456,46.2705227
816,35.7739115,49.9362308
817,34.7448255,59.9785539
818,36.405159,58.0386871
819,36.405159,58.0386871
820,29.6273121,53.2342532
821,36.4345194,48.7940806
822,34.4783955,50.4577101
823,38.1969035,44.7685015
824,36.701885332,51.20141625
825,32.198813,48.8587387
826,35.5834074,53.3882906
827,31.4136588,51.5708254
828,35.1482299,60.9052271
829,36.1711,46.5534
830,37.0997416,56.8492214
831,26.8370511,57.4254084
832,34.7832217,47.5988073
833,34.3995279,60.2571339
834,36.9961957,54.8565871
835,37.179787,49.6947763
836,35.3126047,46.9978639
840,32.5215922,50.4018883
841,27.2871579,61.9997051
842,32.3163942,50.6761962
843,36.596122,53.2108207
844,31.0338723,52.8397513
845,33.2869796,47.29871186798138
846,26.777574,56.0631263
847,31.5565801,48.1880626
848,30.8608561,50.4565101
849,33.8862053,45.6388242
850,33.665653,58.3976472
851,36.0705638,48.4416193
852,37.936968255,46.138889412
853,30.8630661,51.4557071
854,32.3311531,48.4961792
855,37.1521893,49.8716407
856,36.8858885,54.1157515
857,30.0045006,53.0060452
858,27.664912,52.3480157
859,29.33420394,55.682664124
862,36.6466238,49.1917414
863,26.830089,62.6388773
864,31.017007045,55.970951161
865,26.5177389,57.101798
866,38.1997037,45.8124325
867,37.42173854,44.85124601
868,37.0112938,54.2317085
869,36.7303445,46.1534194
870,32.8536719,51.6563384
871,39.0651269,44.3844026
872,38.8693808,46.0023332
873,32.8438053,51.744414
874,30.6492516,48.6690288
875,35.1716343,59.0366756
876,33.9293155,49.4070049
877,35.8980371,49.7700946
878,36.3958867,59.2985989
879,32.0564315,48.3043796
880,33.249382894,49.702541766
881,35.5735353,51.0868332
882,31.9422469,54.2828268
883,36.4195026,54.9649915
884,34.9409,46.4587
885,36.6784386,46.5656627
886,32.8556169,51.558376
887,33.7490262,46.6384231
888,29.4696831,50.9909728
889,38.1783704,45.7002363
890,32.0892117,48.7684968
891,37.881101,47.1008161
892,38.1786897,45.4892529
893,34.828,46.3578
894,35.422537,51.7902387
895,36.2135701,50.1532034
896,35.9585753,57.766785
897,28.9486348,53.9955053
898,37.1703562,49.4027782
899,37.1559178,50.2161864
900,32.0464968,50.8184796
901,32.2978523,48.4295553
902,36.011362,51.4909361
903,28.3952701,51.7645229
904,38.149393855,45.62842106
905,31.8035023,60.0099186
906,32.2003687,48.2489839
907,32.0492034,48.851281
908,39.2178874,44.7711898
909,37.3418549,56.886776
910,33.1853836,49.1906861
911,35.3570893,46.676496
912,33.8759385,49.5433616
913,30.4196387,57.7023666
914,32.219502668,48.434037146
915,35.1490811,57.9356524
916,30.10975661160435,54.87244550064885
917,28.308051445,54.333860094
918,35.9953399,50.7267844
919,36.7488391,59.9338092
920,29.759006376,52.524950852
921,31.868410808,51.884305686
922,32.3257366,50.8497369
923,35.610076861,51.039408711
927,35.7735069,53.3279767
928,32.6146622,48.5879958
929,31.4066455,48.7948143
930,29.6060218,52.5378041
941,36.3004288,52.8815857
942,37.395352,57.9300305
943,36.8495832,50.7909086
944,35.4926221,48.4515219
945,36.2017503,46.4610855
946,37.3755556,55.6744444
947,33.4694261,46.1888889
948,33.4694261,46.1888889
949,33.4694261,46.1888889
950,32.2120495,48.6722366
951,35.5052878,51.1915512
952,36.3038013,49.072849
953,35.7080715,51.4052951
954,34.4812132,47.6935934
955,31.1915603,52.5155699
956,35.692438,50.8482841
957,30.6114269,53.1912987
958,30.8265371,55.8105318
959,36.6960952,57.9299731
960,36.6960952,57.9299731
961,32.1670091,50.2754832
962,38.27694,45.981373
963,37.301672,49.3147378
964,31.367373,50.0844132
965,36.016531806,49.490483092
966,32.2224453,50.8392836
967,32.2661882,51.5639295
968,36.177868,50.7655155
969,33.5962283,56.9249087
970,32.8063555,60.222247
971,36.762496129,53.200590621
972,26.7552078,55.7260983
973,33.356093791,51.790329551
974,36.3149523,59.37444712187481
975,38.3168836,45.3590459
976,38.986875,46.7003469
977,28.93264775,51.0705395245829
978,36.7273388,51.1072379
979,37.4770929,45.8936922
980,31.8332743,48.8961813
981,32.8646215,50.8517144
982,27.4760027,52.6070411
983,34.3675922,56.92885
984,34.3675922,56.92885
985,32.4399758,53.628458
986,27.6248362,52.9976097
987,33.06012778054379,51.109655943940766
988,28.5427506,57.8531515
989,28.5427506,57.8531515
990,30.938871225,61.327234445
991,38.1414545,45.8344186
992,27.4474729,53.8602178
993,32.26383533,49.015110034
994,28.4779105,57.844051
995,38.4900003,48.4355097
996,35.1092029,49.8312434
997,38.057513,57.1421757
998,32.2549162,50.5624938
999,28.0077984,56.255127
1000,37.2317346,58.2192859
1001,29.96343255,53.04692237249102
1002,28.0957745,57.2287442
1003,37.0591667,55.2055556
1004,27.6264549,52.6973967
1005,35.1179137,48.9721158
1006,31.6020835,51.5426261
1007,32.313844,48.1479421
1008,38.520576927,47.890371452
1009,28.2155252,55.133631
1010,32.0080417,51.2176939
1011,28.8553783,52.0946443
1012,37.527703353,55.593825749
1013,36.7896418,53.1107846
1014,32.2840557,50.9582612
1015,33.844903,54.9470758
1016,34.0187404,58.1717681
1017,35.6000722,51.0627593
1020,34.4865511,48.2859752
1021,34.5044405,49.6842027
1022,35.5150443,51.6195825
1023,35.7664697,59.7345327
1024,32.942017,50.1203257
1025,36.6830883,52.5217808
1026,36.1757554,53.2653624
1027,35.701215,59.8465304
1028,28.9366395,53.6510677
1029,35.9300601,51.5263647
1030,32.5576772,51.5079153
1031,26.575768,59.6398773
1032,32.4834868,51.4173278
1033,37.2273234,49.3141954
1034,28.9454742,58.8845357
1035,38.5821035,44.8316495
1036,37.5876447,48.2293142
1037,37.5876447,48.2293142
1038,34.360476,48.1138221
1039,35.688592301529546,52.62654813995285
1040,36.2863586,58.5868002
1041,35.0222084,58.7859967
1042,32.3021014,50.49808
1043,27.6310402,55.8952572
1044,30.2742465,53.2686602
1045,34.3584419,59.8613469
1046,37.847182,57.3160849
1047,36.4636399,52.8579311
1048,29.8510025,51.5819119
1049,33.7340439,59.1795177
1050,35.703382657,51.113786254
1051,36.1063279,59.0597459
1052,35.4421824,51.5697005
1053,36.890345725,54.710956493
1054,31.266395199999998,61.71528429979927
1055,35.1679005,47.800886
1056,35.313096944,49.101937485
1057,38.3541,45.9688
1058,37.6614778,46.9329684
1059,38.891166,45.0282107
1060,36.2804074,50.006663
1065,26.9503253,56.2690869
1066,38.3837047,47.5455522
1067,34.5218483,45.581885
1068,26.2394578,60.7419235
1069,28.6393017,53.6378046
1070,29.1461299,54.7027042
1071,38.4714718,44.4099457
1072,34.373842,45.922587
1073,31.6307184,49.8908244
1074,32.2055934,49.4535184
1075,31.1905312,50.4413014
1076,27.4455968,56.5450429
1077,27.5239005,57.8771387
1078,35.5119433,51.5155876
1079,35.097237814,60.159294257
1080,35.5993818,59.9498981
1081,34.6422939,50.8801184
1090,33.753718,51.4325807
1091,34.6136599,51.0246432
1092,37.1060904,58.5086657
1093,33.67494,49.8760505
1094,37.9929508,45.0370956
1095,37.74552,57.7216016
1096,34.8594697,49.0033362
1097,32.706968899,51.837276314
1098,32.577126,51.4539164
1099,33.1495413,59.7165809
1100,35.5237555,51.6510033
1101,36.1227353,48.591074
1102,28.482802,53.0357558
1103,32.0583082,50.5827861
1104,34.1511878,58.6392528
1105,34.1003203,49.9325663
1106,28.4097651,53.106353
1107,34.8127778,60.8241667
1108,29.6203251,51.6520826
1109,33.9876533,51.4428856
1110,35.2446715,58.4641341
1111,30.5674028,56.844081
1112,28.3366456,51.523857
1113,30.3222845,52.1932593
1114,33.622418549,51.267161819
1115,34.7974315,46.9361058
1116,35.466798117,46.20877957
1117,36.0583,45.7481
1118,35.2083683,48.7242053
1119,36.890589,50.6981104
1120,36.3843225,51.7273613
1121,35.5855764,58.8787467
1122,35.8224892,50.9904681
1133,36.792383,54.1127036
1134,36.0441423,48.5057235
1135,35.362849713,49.297732282
1136,32.3460971,51.4473626
1137,30.2924085,57.0645647
1142,34.3239414,47.0735891
1151,37.9588774,55.5133624
1152,30.032970943,53.717925487
1153,36.8355495,46.3573777
1154,38.458553,45.5673225
1155,30.5263201,55.6424426
1156,36.9953881,59.7642219
1157,36.3570835,54.1455832
1158,36.6737481,55.2968812
1159,37.0769158,50.3971953
1160,36.6964662,51.2511485
1161,36.5055519,51.1587669
1162,37.3756726,55.4932947
1163,28.9436694,51.4581903
1164,38.1035391,46.9922274
1165,37.3889125,48.7221802
1166,38.8629817,47.0399693
1167,32.547545089,51.532449041
1168,35.8624842,50.880468
1169,32.9055468,51.809343
1170,31.0676887,51.5936835
1171,34.7207822,49.3219622
1172,29.525520852,51.390094133
1173,25.3604865,60.3981155
1174,35.2116371,58.1508386
1175,26.5963007,54.9370873
1176,34.5051774,47.9658794
1177,29.2003014,52.6926076
1178,30.335431,51.290556
1179,31.456949572,48.383092479
1180,31.2397079,48.6563167
1181,37.2787049,49.7721208
1182,37.9552413,48.2355776
1183,34.495202076,46.600260622
1184,38.1865623,45.5751442
1185,32.6391832,51.5004056
1186,27.2525961,52.8671285
1187,37.1523678,50.1740681
1188,31.4100681,56.2825998
1189,32.7138321,52.4405045
1190,33.533792,47.6078615
1191,35.9627157,50.7920955
1192,26.8024898,57.0260523
1193,33.403194,47.3258403
1194,29.2306219,52.9562466
1195,36.6879187,52.9118026
1196,27.193361626,54.170632306
1197,36.3701265,49.6631317
1198,32.634264746,51.473223904
1199,35.517323,51.3618852
1200,34.3930163,50.8648024
1201,35.2218074,52.5216992
1202,27.9502255,57.7025775
1203,36.2366087,53.5412514
1204,37.4188972,49.9488125
1205,36.580532,52.8097463
1206,32.2836232,50.8917408
1207,31.155512,56.3803406
1208,26.5350665,53.9719803
1209,35.5505069,52.1684289
1210,37.2719444,55.4325
1211,36.431717,52.6578558
1212,32.2449183,48.8126036
1213,26.7229867,59.1377198
1214,33.4853061,48.489661
1215,30.9426038,50.8983137
1216,27.6701538,54.1378384
1217,32.8678119,51.5981358
1218,36.8392776,54.4320858
1222,35.7055719,59.2424531
1223,35.7510396,51.066017
1224,35.2221321,52.3385276
1225,36.9870347,56.2888872
1226,39.029223,48.0800478
1227,26.587985516,57.09668359
1228,32.811189076,51.616931827
1229,35.9038115,52.2246758
1230,33.000821,60.2266472
1231,27.7892564,61.9512927
1232,35.220740277,48.205985523
1233,29.8840436,57.7324102
1234,36.5725497,59.1966264
1235,33.6867896,50.916560399999995
1236,32.6247941,51.4391574
1237,29.7111348,57.0372966
1238,35.9144669,50.7723122
1239,35.73702703046954,51.348474358201265
1240,31.930821957,51.752136732
1241,33.5130447,50.4754975
1242,31.7647539,49.4983012
1243,36.4818235,59.1595291
1244,27.4809916,59.4483063
1245,36.7283914,53.8088538
1246,36.7283914,53.8088538
1247,30.3553658,53.3927669
1248,37.6424301,55.9446797
1249,37.070099,54.0770422
1250,34.3528343,58.6832352
1251,37.560141567,55.103352707
1252,28.5240443,58.721816254190266
1253,31.8649902,51.1537678
1254,32.2443611,50.5428324
1255,34.5071703,48.079899
1256,37.3021335,49.2208733
1257,31.8559767,48.7563581
1258,37.5172301,45.1439406
1259,37.7818413,45.9038288
1260,33.4755802,50.3554565
1261,26.5968656,57.8950727
1262,32.004757,50.8871785
1263,34.344125,46.417181
1264,34.1771986,48.2445727
1265,34.1411088,45.9140759
1266,37.6846951,48.3396197
1267,36.8084866,45.264528
1268,27.6619203,54.3229561
1269,39.303986296,47.197781137
1270,34.9746055,48.4750848
1271,29.5230978,56.8158055
1272,32.3306321,49.0944
1273,27.333426,53.1816105
1274,38.5081222,47.8316745
1275,37.984405,46.0842647
1276,33.4620923,50.6952181
1277,29.7997169,52.6504164
1278,31.5135384,50.8300461
1279,37.3602271,49.862286
1280,37.5178695,59.3409617
1281,27.6900779,54.38714
1282,27.0522974,54.8835685
1283,30.9795975,50.4238799
1284,37.1955948,50.1529566
1285,35.8204845,51.6321444
1286,37.6069313,57.8574221
1287,36.6279334,49.5162305
1288,37.2551709,49.8150112
1289,33.5673389,46.8146332
1290,38.3082625,48.8675037
1291,25.6514239,58.8644285
1292,37.958973,48.9082044
1293,30.8924843,50.0917097
1294,37.0111324,46.2059139
1295,30.1910123,53.1734212
1296,30.720071495,51.548923029
1297,30.9921088,51.0829701
1298,32.9542152,47.7885783
1299,37.3640801,49.1328792
1300,37.1551276,48.9899692
1301,37.1957815,49.1969213
1302,39.2909641,44.4521379
1303,31.287813168,51.27094591
1304,35.3011297,50.5073612
1305,36.7456508,47.6716751
1306,30.0536359,57.2883027
1307,35.729757,50.8109893
1308,28.3595891,53.3281856
1309,37.1833254,46.057954
1310,32.284451247,51.513074157
1311,32.197202245,51.499106865
1312,36.4796519,54.6483772
1313,33.9060573,50.4526427
1314,32.3250781,52.1110092
1315,32.3250781,52.1110092
1316,32.3250781,52.1110092
1317,27.2023277,60.5616428
1318,35.7527246,50.9039864
1319,35.7527246,50.9039864
1320,27.3278336,62.3903874
1321,36.9841837,45.5167584
1322,36.2255821,50.1878041
1323,27.7804192,53.0581807
1324,37.3659163,45.130571
1325,37.3659163,45.130571
1326,36.29321557,49.901716978
1327,30.0837663,57.162155
1328,38.7466001,47.7458947
1329,37.3913128,46.2435751
1332,37.9042755,55.9549173
1333,37.2761076,49.37639
1334,28.3517264,58.1586637
1335,36.4539793,51.3005787
1336,36.360547741,52.735839489
1337,39.146687131,44.952775153
1338,38.4306358,45.7741
1339,29.8762905,52.8062895
1340,30.4774172,54.2126137
1341,34.8306393,48.4614319
1342,35.5219063,46.1758889
1343,30.2922977,53.802393
1344,36.1557394,60.5291811
1345,36.954110564,54.857821771
1346,29.9969927,55.7961096
1347,31.9461316,49.3013154
1350,31.0098009,49.4369137
1351,34.1776048,51.2641758
1352,36.5329335,58.1455051
1353,36.5329335,58.1455051
1354,35.7509589,50.9420738
1355,38.3979293,47.6764836
1356,36.2974945,59.6059232
1358,36.321211,59.5561981
1370,34.79344184,60.514190526
1371,30.2443946,51.5241743
1372,29.481787835,53.359134248
1373,36.451748,50.4753083
1374,33.3797253,47.9604832
1375,39.5809745,48.013442464
1376,30.4469856,48.168011
1377,31.5841359,48.888229
1378,35.666763,50.9790423
1379,34.2922623,48.8215749
1380,35.9991019,59.5918125
1381,37.1432315,46.1056025
1382,37.8443261,45.9729822
1383,32.268835668,48.384473902
1384,31.538464,50.6267739
1385,36.7448499,49.4000305
1386,30.6284232,50.304706
1387,31.9467152,51.8714747
1388,27.4014947,57.4949725
1389,35.0574727,47.1525037
1390,32.7063592,59.5243809
1391,32.7254932,47.6773754
1392,32.5209668,47.376702
1393,33.8349987,48.2223124
1394,36.7651739,45.7218136
1395,36.7651739,45.7218136
1396,35.0764851,48.6161213
1397,35.0764851,48.6161213
1398,35.7108029,53.3555769
1399,33.43105524,46.465471031
1400,33.43105524,46.465471031
1401,33.244222331,46.27906822
1402,38.0806733,47.1317722
1403,31.0244526,53.3488446
1404,27.1310393,61.6746528
1405,31.5841945,54.4445661
1406,36.4086479,55.6545685
1407,34.5843,47.442
1408,36.9695588,46.0993809
1409,32.153851,48.4392787
1410,28.718118396,53.857132823
1411,30.7881413,49.7302405
1412,37.4284148,47.7058119
1413,32.2510825,54.0159205
1414,31.3754759,49.8175771
1415,36.4055055,45.3719463
1416,36.4055055,45.3719463
1417,29.0149246,61.4540744
1418,34.6211735,49.2047717
1419,28.8666095,52.7485061
1420,32.97901455241076,51.50159440831994
1421,32.97901455241076,51.50159440831994
1422,27.1505605,57.0752814
1423,37.2288889,55.3747222
1424,30.3534226,48.2170496
1425,39.0109977,45.058161
1426,31.9344796,50.7276893
1427,32.4228214,50.7896658
1428,36.9835017,45.1431549
1429,32.8610688,53.085985
1430,32.947486767,51.047242994
1431,29.3897031,55.7203011
1432,27.4980795,52.583854
1433,32.0281951,53.5494049
1434,34.0096318,50.8402395
1435,35.9909852,49.6245427
1436,28.9513934,58.6963456
1437,35.5683375,51.1591692
1438,36.7486267,51.0358454
1439,34.4337222,60.1777943
1440,32.2792223,52.0600418
1441,32.2792223,52.0600418
1442,29.9396028,59.9183007630255
1443,35.4902417,51.1405769
1444,33.6141461,51.772984597982784
1445,28.9163336,58.5496666
1446,35.9558897,50.6097443
1447,37.34697,46.7629592
1448,36.7105093,57.4086684
1449,36.9555967,45.3878933
1450,31.9333253,51.3258702
1451,36.6511824,53.2965182
1452,29.8575198,56.8004242
1453,25.3889117,61.1390842
1454,37.1391667,55.1638889
1455,36.263961,45.4941006
1456,38.4240161,48.4840477
1457,35.1306563,49.7089976
1458,28.8545602,53.8259023
1459,29.1225372,52.0151013
1460,37.5200945,58.9893154
1461,29.8019495,51.6935995
1462,27.5256296,57.454475
1463,35.1808,46.2544
1464,37.0763889,55.2625
1465,36.5728497,52.0073656
1466,34.07252,47.9730368
1467,34.07252,47.9730368
1468,35.9365669,48.7920048
1469,35.1612676,46.2042463
1470,34.0776414,51.4338827
1471,36.6508069,51.5034126
1472,37.7345037,45.0510944
1473,28.5400131,60.7597704
1474,36.7400119,53.9094891
1475,34.373608140318346,48.66839632713383
1476,31.5431543,60.0349456
1477,29.218686464,54.647804889
1478,33.970466,51.1457545
1479,38.034005,47.9991069
1480,38.034005,47.9991069
1481,36.2105604,58.7922291
1484,32.3041598,52.2032026
1485,36.849172096,48.173849369
1486,26.3400417,59.69256223605067
1487,35.1224857,60.7736351
1488,33.9122595,58.9319935
1489,33.883078103,50.562874124
1490,37.043411767,50.406530149
1491,38.118273938,45.699833034
1492,29.488785248,51.242035473
1493,35.60084778,51.020263454
1494,35.138015386,51.760164272
1495,27.467364532,53.052713298
1496,32.4755949,50.7685061
1497,38.600825872,46.463870014
1498,,
1499,32.354147506,51.385900637
1500,32.6174692,51.7541399
1501,33.915261745,48.591277609
1502,31.527799513,51.325856345
1503,31.467162247,48.866349413
1504,33.488359446,48.030986316
1505,36.6400809,52.6315535
1506,38.8416756,45.6648065
1507,32.3912909,50.569649125
1508,30.7594357,57.0039838
1509,36.6879365,51.3452585
1510,30.0585897,54.3674023
1511,34.2691441,47.5834103
1512,27.0955031,56.452739
1513,32.5625906,52.4355327
1514,38.2472611,47.1162759
1515,35.768007,46.81193
1516,27.151178598,57.449709214
1517,37.7974981,48.904184
1518,37.369503,48.322197
1519,37.4759767,47.0498103
1520,35.9641824,50.6858036
1521,33.5217614,48.7871467
1522,31.538380564,49.411810994
1523,32.2255216,50.7945045
1524,34.1105266,47.0894855
1525,29.6491068,55.8197958
1526,29.6491068,55.8197958
1527,36.2976907,58.4637326
1528,34.7992888,48.5152464
1533,33.7803949,49.2308157
1534,30.2364004,49.7123234
1535,29.2957577,57.19335260828815
1536,27.0686333,54.0086692
1537,38.8604709,47.3683131
1538,32.5615069,50.8539431
1539,31.462778,48.0755697
1540,36.2520936,49.1302561
1541,27.0005081,62.116917
1542,38.0801837,48.5065169
1543,30.6681785,51.581916
1544,36.2843531,47.746568
1545,38.5223144,45.6404499
1546,32.6684409,50.7267111
1547,31.8565792,54.3296297
1551,30.865554901,56.379122609
1552,38.1732277,56.6905627
1553,39.2840661,44.8171127
1554,34.8055463,58.4372591
